index,shortcode,post_url,images_count,caption_preview
1,CzVPXGXPUd8,https://www.instagram.com/mynowphone.shop/p/CzVPXGXPUd8,1,👀🌷นาวสต๊อกของเอง “พร้อมส่ง”🥳✨ เครื่องมือสอง สภาพ 80-90% สวยทุกเครื่อง มือ 1 เครื่องศูนย์นาวก็มีขายน้าค้าบ!!  ⛅️🌸ส่งจริง 
2,Cu_JuWTPvG3,https://www.instagram.com/mynowphone.shop/p/Cu_JuWTPvG3,1,🌷˚ ⛅️✦รีวิวนัดรับนัดใจสบายใจลูกค้า ˏˋ°✨ ร้านเจ้านาวมีบริการนัดรับนะแม่นะ #ส่งถึงมือลูกค้า ปิดสดกันเก่งมาก🖐🏻💗  ลูกค้าพื้น
3,Crm0wHuv30y,https://www.instagram.com/mynowphone.shop/p/Crm0wHuv30y,1,🌷﹆🪧รางวัลชีวิตในวัย 19 เข้า 20 ปี🎊 เงินก้อนแรกที่หามาด้วยตัวเอง 🌥💘✳︎ หนีก้อนแรกวัย 19 จุกๆ   ขอบคุณครอบครัว แม่ทีม ตัวแท
4,Dbv29LpE2Qm,https://www.instagram.com/mynowphone.shop/p/Dbv29LpE2Qm,1,"❝🌷🛣️ᯓ 𝐢𝐏𝐡𝐨𝐧𝐞 𝟏𝟏 𝟔𝟒𝐆𝐁 𝐓𝐇 ꒱·🌳🍒✿. 𓈈🔖 ราคา : 𝟔,𝟓𝟓𝟎.- 🚏💖 ส่งฟรี  𓏔🪞การใช้งานปกติทุกอย่าง 𓏔🎀สแกนหน้าได้ จอมีทรูโทน 𓏔🏁มือ 𝟐 มีร"
5,DbtbLrIE-oP,https://www.instagram.com/mynowphone.shop/p/DbtbLrIE-oP,1,"❝🌷🛣️ᯓ 𝐢𝐏𝐡𝐨𝐧𝐞 𝟖 𝐏𝐥𝐢𝐬 𝟔𝟒𝐆𝐁 𝐓𝐇 ꒱·🌳🍒✿. 𓈈🔖 ราคา : 𝟒,𝟗𝟗𝟎.- 🚏💖 ส่งฟรี  𓏔🪞การใช้งานปกติทุกอย่าง 𓏔🎀สแกนหน้าได้ จอมีทรูโทน 𓏔🏁มือ 𝟐"
6,DbtZyAUk4iH,https://www.instagram.com/mynowphone.shop/p/DbtZyAUk4iH,1,"❝🌷🛣️ᯓ 𝐢𝐏𝐡𝐨𝐧𝐞 𝟏𝟑 𝟏𝟐𝟖𝐆𝐁 𝐋𝐋꒱·🌳🍒✿. 𓈈🔖 ราคา : 𝟏𝟏,𝟗𝟗𝟎.- 🚏💖 ส่งฟรี  𓏔🪞การใช้งานปกติทุกอย่าง 𓏔🎀สแกนหน้าได้ จอมีทรูโทน 𓏔🏁มือ 𝟐 มี"
7,DbtYz1wE3yL,https://www.instagram.com/mynowphone.shop/p/DbtYz1wE3yL,1,"❝🌷🛣️ᯓ 𝐢𝐏𝐡𝐨𝐧𝐞 𝟏𝟑 𝐏𝐫𝐨𝐦𝐚𝐱 𝟏𝟐𝟖𝐆𝐁 𝐋𝐋 ꒱·🌳🍒✿. 𓈈🔖 ราคา : 𝟏𝟒,𝟗𝟗𝟎.- 🚏💖 ส่งฟรี  𓏔🪞การใช้งานปกติทุกอย่าง 𓏔🎀สแกนหน้าได้ จอมีทรูโทน 𓏔🏁"
8,Dbow7RPE2EO,https://www.instagram.com/mynowphone.shop/p/Dbow7RPE2EO,1,"❝🌷🛣️ᯓ 𝐢𝐏𝐡𝐨𝐧𝐞 𝟏𝟒 𝐏𝐥𝐮𝐬 𝟏𝟐𝟖𝐆𝐁 𝐋𝐋 ꒱·🌳🍒✿. 𓈈🔖 ราคา : 𝟏𝟒,𝟗𝟗𝟎.- 🚏💖 ส่งฟรี  𓏔🪞การใช้งานปกติทุกอย่าง 𓏔🎀สแกนหน้าได้ จอมีทรูโทน 𓏔🏁มื"
9,DboCaoRE2UZ,https://www.instagram.com/mynowphone.shop/p/DboCaoRE2UZ,1,"❝🌷🛣️ᯓ 𝐢𝐏𝐡𝐨𝐧𝐞 𝟏𝟓 𝟏𝟐𝟖𝐆𝐁 𝐋𝐋 ꒱·🌳🍒✿. 𓈈🔖 ราคา : 𝟏𝟒,𝟗𝟗𝟎.- 🚏💖 ส่งฟรี  ୨ৎ 🌟 วางดาวน์ :  𝟐,𝟗𝟗𝟎 ผ่อนต่อ 𝟐,𝟎𝟗𝟎* : 𝟏𝟎 เดือน🌟 ୨ৎ   𓏔🪞ก"
10,DboAm2sEzog,https://www.instagram.com/mynowphone.shop/p/DboAm2sEzog,1,"❝🌷🛣️ᯓ 𝐢𝐏𝐡𝐨𝐧𝐞 𝟏𝟑 𝟏𝟐𝟖𝐆𝐁 โมเดลนอก ꒱·🌳🍒✿. 𓈈🔖 ราคา : 𝟏𝟏,𝟗𝟗𝟎.- 🚏💖 ส่งฟรี  ୨ৎ 🌟 วางดาวน์ :  𝟐,𝟗𝟗𝟎 ผ่อนต่อ 𝟏,𝟔𝟎𝟒*𝟏𝟐 เดือน🌟 ୨ৎ   "
11,Dbd2PNvE5Sx,https://www.instagram.com/mynowphone.shop/p/Dbd2PNvE5Sx,1,"❝🌷🛣️ᯓ 𝐢𝐏𝐡𝐨𝐧𝐞 𝟏𝟓 𝐏𝐫𝐨 𝟐𝟓𝟔𝐆𝐁 𝐋𝐋 ꒱·🌳🍒✿. 𓈈🔖 ราคา : 𝟏𝟗,𝟓𝟓𝟎.- 🚏💖 ส่งฟรี  ୨ৎ 🌟 วางดาวน์ : 𝟐,𝟗𝟗𝟎 ผ่อนต่อ 𝟑,𝟎𝟖𝟎*𝟏𝟐 เดือน🌟 ୨ৎ   𓏔🪞ก"
12,DbcpVYjoDbu,https://www.instagram.com/mynowphone.shop/p/DbcpVYjoDbu,1,"❝🌷🛣️ᯓ 𝐢𝐏𝐡𝐨𝐧𝐞 𝐒𝐄 𝟏𝟐𝟖𝐆𝐁 𝐓𝐇 𝟐𝟎𝟐𝟎 ꒱·🌳🍒✿. 𓈈🔖 ราคา : 𝟓,𝟗𝟗𝟎.- 🚏💖 ส่งฟรี  𓏔🪞การใช้งานปกติทุกอย่าง 𓏔🎀สแกนหน้าได้ จอมีทรูโทน 𓏔🏁มือ"
13,DbcR8aAoLBq,https://www.instagram.com/mynowphone.shop/p/DbcR8aAoLBq,1,"❝🌷🛣️ᯓ 𝐢𝐏𝐡𝐨𝐧𝐞 𝟏𝟓 𝐏𝐥𝐮𝐬 𝟏𝟐𝟖𝐆𝐁 𝐋𝐋 ꒱·🌳🍒✿. 𓈈🔖 ราคา : 𝟏𝟔,𝟓𝟓𝟎.- 🚏💖 ส่งฟรี  ୨ৎ 🌟 วางดาวน์ : 𝟐,𝟗𝟗𝟎 ผ่อนต่อ 𝟐,𝟐𝟏𝟕*𝟏𝟐 เดือน🌟 ୨ৎ   𓏔🪞"
14,DbbYzvoE9Kh,https://www.instagram.com/mynowphone.shop/p/DbbYzvoE9Kh,1,"❝🌷🛣️ᯓ 𝐢𝐏𝐡𝐨𝐧𝐞 𝟏𝟕 𝟏𝟐𝟖𝐆𝐁 𝐙𝐏 ꒱·🌳🍒✿. 𓈈🔖 ราคา : 𝟐𝟕,𝟓𝟓𝟎.- 🚏💖 ส่งฟรี  ୨ৎ 🌟 วางดาวน์ : 𝟓,𝟗𝟗𝟎 ผ่อนต่อ 𝟑,𝟑𝟕𝟐*𝟏𝟐 เดือน🌟 ୨ৎ   𓏔🪞การใช"
15,Dba-7hIk4kH,https://www.instagram.com/mynowphone.shop/p/Dba-7hIk4kH,1,"❝🌷🛣️ᯓ 𝐢𝐏𝐡𝐨𝐧𝐞 𝟏𝟐 𝐏𝐫𝐨𝐦𝐚𝐱 𝟏𝟐𝟖𝐆𝐁 𝐋𝐋 ꒱·🌳🍒✿. 𓈈🔖 ราคา : 𝟗,𝟗𝟗𝟎.- 🚏💖 ส่งฟรี  𓏔🪞การใช้งานปกติทุกอย่าง 𓏔🎀สแกนหน้าได้ จอมีทรูโทน 𓏔🏁ม"
16,DbaTRMQoJ51,https://www.instagram.com/mynowphone.shop/p/DbaTRMQoJ51,1,"❝🌷🛣️ᯓ 𝐢𝐏𝐡𝐨𝐧𝐞 𝟏𝟑 𝟏𝟐𝟖𝐆𝐁 𝐋𝐋꒱·🌳🍒✿. 𓈈🔖 ราคา : 𝟏𝟏,𝟗𝟗𝟎.- 🚏💖 ส่งฟรี  𓏔🪞การใช้งานปกติทุกอย่าง 𓏔🎀สแกนหน้าได้ จอมีทรูโทน 𓏔🏁มือ 𝟐 มี"
17,DbYtmlMk-Kw,https://www.instagram.com/mynowphone.shop/p/DbYtmlMk-Kw,1,"❝🌷🛣️ᯓ 𝐢𝐏𝐚𝐝 𝐆𝐞𝐧𝟏𝟎 𝟔𝟒𝐆𝐁 𝐓𝐇 ꒱·🌳🍒✿. 𓈈🔖 ราคา : 𝟏𝟏,𝟗𝟗𝟎.- 🚏💖 ส่งฟรี  ୨ৎ 🌟 วางดาวน์ : 𝟑,𝟗𝟗𝟎 ผ่อนต่อ 𝟏,𝟐𝟏𝟎*𝟏𝟐 เดือน🌟 ୨ৎ   𓏔🪞การใช"
18,DbYcC2Ukw1w,https://www.instagram.com/mynowphone.shop/p/DbYcC2Ukw1w,1,"❝🌷🛣️ᯓ 𝐢𝐏𝐡𝐨𝐧𝐞 𝟏𝟔 𝐏𝐫𝐨 𝟏𝟐𝟖𝐆𝐁 𝐙𝐏 ꒱·🌳🍒✿. 𓈈🔖 ราคา : 𝟐𝟕,𝟓𝟓𝟎.- 🚏💖 ส่งฟรี  ୨ৎ 🌟 วางดาวน์ : 𝟓,𝟗𝟗𝟎 ผ่อนต่อ 𝟑,𝟒𝟒𝟐*𝟏𝟐 เดือน🌟 ୨ৎ   𓏔🪞ก"
19,DbYbat7E184,https://www.instagram.com/mynowphone.shop/p/DbYbat7E184,1,"❝🌷🛣️ᯓ 𝐢𝐏𝐡𝐨𝐧𝐞 𝟏𝟏 𝐏𝐫𝐨 𝟓𝟏𝟐𝐆𝐁 𝐓𝐇 ꒱·🌳🍒✿. 𓈈🔖 ราคา : 𝟕,𝟗𝟗𝟎.- 🚏💖 ส่งฟรี  𓏔🪞การใช้งานปกติทุกอย่าง 𓏔🎀สแกนหน้าได้ จอมีทรูโทน 𓏔🏁มือ "
20,DbUi5ZAE2x1,https://www.instagram.com/mynowphone.shop/p/DbUi5ZAE2x1,1,"❝🌷🛣️ᯓ 𝐢𝐏𝐡𝐨𝐧𝐞 𝟏𝟓 𝐏𝐫𝐨𝐦𝐚𝐱 𝟐𝟓𝟔𝐆𝐁 𝐋𝐋 ꒱·🌳🍒✿. 𓈈🔖 ราคา : 𝟏𝟖,𝟗𝟗𝟎.- 🚏💖 ส่งฟรี  𓏔🪞การใช้งานปกติทุกอย่าง 𓏔🎀สแกนหน้าได้ จอมีทรูโทน 𓏔🏁"
21,DbLxBK3E2ta,https://www.instagram.com/mynowphone.shop/p/DbLxBK3E2ta,1,"❝🌷🛣️ᯓ 𝐢𝐏𝐡𝐨𝐧𝐞 𝟏𝟕 𝟐𝟓𝟔𝐆𝐁 𝐙𝐏 ꒱·🌳🍒✿. 𓈈🔖 ราคา : 𝟐𝟕,𝟗𝟗𝟎.- 🚏💖 ส่งฟรี  ୨ৎ 🌟 วางดาวน์ : 𝟔,𝟗𝟎𝟎 ผ่อนต่อ 𝟑,𝟕𝟏𝟎*𝟏𝟐 เดือน🌟 ୨ৎ   𓏔🪞การใช"
22,DbLewDfEyOg,https://www.instagram.com/mynowphone.shop/p/DbLewDfEyOg,1,"❝🌷🛣️ᯓ 𝐢𝐏𝐡𝐨𝐧𝐞 𝟏𝟔 𝟏𝟐𝟖𝐆𝐁 𝐋𝐋 ꒱·🌳🍒✿. 𓈈🔖 ราคา : 𝟏𝟗,𝟗𝟗𝟎.- 🚏💖 ส่งฟรี  ୨ৎ 🌟 วางดาวน์ : 𝟑,𝟓𝟓𝟎 ผ่อนต่อ 𝟐,𝟕𝟎𝟎*𝟏𝟐 เดือน🌟 ୨ৎ   𓏔🪞การใช"
23,DbLWR34k8Qj,https://www.instagram.com/mynowphone.shop/p/DbLWR34k8Qj,1,"❝🌷🛣️ᯓ 𝐢𝐏𝐡𝐨𝐧𝐞 𝟏𝟒 𝐏𝐫𝐨𝐦𝐚𝐱 𝟏𝟐𝟖𝐆𝐁 𝐋𝐋 ꒱·🌳🍒✿. 𓈈🔖 ราคา : 𝟏𝟔,𝟗𝟗𝟎.- 🚏💖 ส่งฟรี  ୨ৎ 🌟 วางดาวน์ : 𝟐,𝟗𝟗𝟎 ผ่อนต่อ 𝟐,𝟔𝟖𝟎*𝟏𝟐 เดือน🌟 ୨ৎ   "
24,DbAZAFPoB8M,https://www.instagram.com/mynowphone.shop/p/DbAZAFPoB8M,1,"❝🌷🛣️ᯓ 𝐢𝐏𝐡𝐨𝐧𝐞 𝟏𝟑 𝐏𝐫𝐨𝐦𝐚𝐱 𝟏𝟐𝟖𝐆𝐁 𝐓𝐇 ꒱·🌳🍒✿. 𓈈🔖 ราคา : 𝟏𝟒,𝟓𝟓𝟎.- 🚏💖 ส่งฟรี  𓏔🪞การใช้งานปกติทุกอย่าง 𓏔🎀สแกนหน้าได้ จอมีทรูโทน 𓏔🏁"
25,DbAM2POoGDi,https://www.instagram.com/mynowphone.shop/p/DbAM2POoGDi,1,"❝🌷🛣️ᯓ 𝐢𝐏𝐡𝐨𝐧𝐞 𝟏𝟒 𝐏𝐫𝐨𝐦𝐚𝐱 𝟏𝟐𝟖𝐆𝐁 𝐓𝐇 ꒱·🌳🍒✿. 𓈈🔖 ราคา : 𝟏𝟗,𝟗𝟗𝟎.- 🚏💖 ส่งฟรี  𓏔🪞การใช้งานปกติทุกอย่าง 𓏔🎀สแกนหน้าได้ จอมีทรูโทน 𓏔🏁"
26,Da5E6BQk-pl,https://www.instagram.com/mynowphone.shop/p/Da5E6BQk-pl,1,"❝🌷🛣️ᯓ 𝐢𝐏𝐡𝐨𝐧𝐞 𝐗𝐫 𝟔𝟒𝐆𝐁 𝐓𝐇 ꒱·🌳🍒✿. 𓈈🔖 ราคา : 𝟓,𝟗𝟗𝟎.- 🚏💖 ส่งฟรี  𓏔🪞การใช้งานปกติทุกอย่าง 𓏔🎀สแกนหน้าได้ จอมีทรูโทน 𓏔🏁มือ 𝟐 มีร"
27,Da5C5OpEw8f,https://www.instagram.com/mynowphone.shop/p/Da5C5OpEw8f,1,"❝🌷🛣️ᯓ 𝐢𝐏𝐡𝐨𝐧𝐞 𝟏𝟏 𝟔𝟒𝐆𝐁 𝐓𝐇 ꒱·🌳🍒✿. 𓈈🔖 ราคา : 𝟔,𝟓𝟓𝟎.- 🚏💖 ส่งฟรี  𓏔🪞การใช้งานปกติทุกอย่าง 𓏔🎀สแกนหน้าได้ จอมีทรูโทน 𓏔🏁มือ 𝟐 มีร"
28,Da4XM7_k795,https://www.instagram.com/mynowphone.shop/p/Da4XM7_k795,1,"❝🌷🛣️ᯓ 𝐢𝐏𝐡𝐨𝐧𝐞 𝟏𝟓 𝟏𝟐𝟖𝐆𝐁 𝐋𝐋 ꒱·🌳🍒✿. 𓈈🔖 ราคา : 𝟏𝟒,𝟗𝟗𝟎.- 🚏💖 ส่งฟรี  𓏔🪞การใช้งานปกติทุกอย่าง 𓏔🎀สแกนหน้าได้ จอมีทรูโทน 𓏔🏁มือ 𝟐 ม"
29,DafwOh5k4bQ,https://www.instagram.com/mynowphone.shop/p/DafwOh5k4bQ,1,"❝🌷🛣️ᯓ 𝐢𝐏𝐡𝐨𝐧𝐞 𝟏𝟒 𝐏𝐥𝐮𝐬 𝟏𝟐𝟖𝐆𝐁 𝐋𝐋 ꒱·🌳🍒✿. 𓈈🔖 ราคา : 𝟏𝟑,𝟗𝟗𝟎.- 🚏💖 ส่งฟรี  𓏔🪞การใช้งานปกติทุกอย่าง 𓏔🎀สแกนหน้าได้ จอมีทรูโทน 𓏔🏁มื"
30,DaevJVxEyDb,https://www.instagram.com/mynowphone.shop/p/DaevJVxEyDb,1,"❝🌷🛣️ᯓ 𝐢𝐏𝐡𝐨𝐧𝐞 𝟏𝟏 𝟔𝟒𝐆𝐁 𝐓𝐇 ꒱·🌳🍒✿. 𓈈🔖 ราคา : 𝟔,𝟗𝟗𝟎.- 🚏💖 ส่งฟรี  𓏔🪞การใช้งานปกติทุกอย่าง 𓏔🎀สแกนหน้าได้ จอมีทรูโทน 𓏔🏁มือ 𝟐 มีร"
31,DaR5oDcE1iU,https://www.instagram.com/mynowphone.shop/p/DaR5oDcE1iU,1,"❝🌷🛣️ᯓ 𝐢𝐏𝐡𝐨𝐧𝐞 𝟏𝟑 𝐏𝐫𝐨𝐦𝐚𝐱 𝟏𝟐𝟖𝐆𝐁 โมเดลนอก ꒱·🌳🍒✿. 𓈈🔖 ราคา : 𝟏𝟒,𝟗𝟗𝟎.- 🚏💖 ส่งฟรี  ୨ৎ 🌟 วางดาวน์ : 𝟑,𝟓𝟓𝟎 ผ่อนต่อ 𝟏,𝟖𝟐𝟎*𝟏𝟐 เดือน🌟"
32,DaR4IFqE1dQ,https://www.instagram.com/mynowphone.shop/p/DaR4IFqE1dQ,0,
33,DaCBfCKE4aL,https://www.instagram.com/mynowphone.shop/p/DaCBfCKE4aL,1,"❝🌷🛣️ᯓ 𝐢𝐏𝐡𝐨𝐧𝐞 𝐢𝐏𝐚𝐝 𝐆𝐞𝐧𝟏𝟏 𝟏𝟐𝟖𝐠𝐛𝐓𝐇 ꒱·🌳🍒✿. 𓈈🔖 ราคา : 𝟏𝟓,𝟓𝟓𝟎.- 🚏💖 ส่งฟรี  ୨ৎ 🌟 วางดาวน์ : 𝟑,𝟓𝟓𝟎 ผ่อนต่อ 𝟏,𝟔𝟕𝟎*𝟏𝟐 เดือน🌟 ୨ৎ   "
34,DZ_cJQ3ky_v,https://www.instagram.com/mynowphone.shop/p/DZ_cJQ3ky_v,1,"❝🌷🛣️ᯓ 𝐢𝐏𝐡𝐨𝐧𝐞 𝟏𝟐 𝐏𝐫𝐨𝐦𝐚𝐱 𝟏𝟐𝟖𝐆𝐁 𝐋𝐋 ꒱·🌳🍒✿. 𓈈🔖 ราคา : 𝟏𝟏,𝟓𝟓𝟎.- 🚏💖 ส่งฟรี  𓏔🪞การใช้งานปกติทุกอย่าง 𓏔🎀สแกนหน้าได้ จอมีทรูโทน 𓏔🏁"
35,DZ_XvM4E0JI,https://www.instagram.com/mynowphone.shop/p/DZ_XvM4E0JI,1,"❝🌷🛣️ᯓ 𝐢𝐏𝐡𝐨𝐧𝐞 𝟏𝟏 𝟔𝟒𝐆𝐁 𝐓𝐇 ꒱·🌳🍒✿. 𓈈🔖 ราคา : 𝟓,𝟗𝟗𝟎.- 🚏💖 ส่งฟรี  𓏔🪞การใช้งานปกติทุกอย่าง 𓏔🎀สแกนหน้าได้ จอมีทรูโทน 𓏔🏁มือ 𝟐 มีร"
36,DZ-iQE5E6BA,https://www.instagram.com/mynowphone.shop/p/DZ-iQE5E6BA,1,"❝🌷🛣️ᯓ 𝐢𝐏𝐡𝐨𝐧𝐞 𝟏𝟔 𝐏𝐫𝐨𝐦𝐚𝐱 𝟐𝟓𝟔𝐆𝐁 𝐋𝐋 ꒱·🌳🍒✿. 𓈈🔖 ราคา : 𝟐𝟗,𝟗𝟗𝟎.- 🚏💖 ส่งฟรี  ୨ৎ 🌟 วางดาวน์ : 𝟒,𝟗𝟗𝟎 ผ่อนต่อ 𝟑,𝟑𝟖𝟕*𝟏𝟖 เดือน🌟 ୨ৎ   "
37,DZ9gVOhE87h,https://www.instagram.com/mynowphone.shop/p/DZ9gVOhE87h,1,"❝🌷🛣️ᯓ 𝐢𝐏𝐡𝐨𝐧𝐞 𝟏𝟒 𝐏𝐫𝐨𝐦𝐚𝐱 𝟏𝟐𝟖𝐆𝐁 𝐋𝐋 ꒱·🌳🍒✿. 𓈈🔖 ราคา : 𝟏𝟔,𝟓𝟓𝟎.- 🚏💖 ส่งฟรี  ୨ৎ 🌟 วางดาวน์ : 𝟏,𝟗𝟗𝟎 ผ่อนต่อ 𝟐,𝟒𝟐𝟎*𝟏𝟐 เดือน🌟 ୨ৎ   "
38,DZ9UJTEkzQ3,https://www.instagram.com/mynowphone.shop/p/DZ9UJTEkzQ3,1,"❝🌷🛣️ᯓ 𝐢𝐏𝐡𝐨𝐧𝐞 𝟏𝟔 𝟏𝟐𝟖𝐆𝐁 𝐙𝐏/𝐀 𓈈🔖 ราคา : 𝟐𝟑,𝟗𝟗𝟎 ꒱·🌳🍒✿..- 🚏💖 ส่งฟรี  ୨ৎ 🌟 วางดาวน์ : 𝟑,𝟗𝟗𝟎 ผ่อนต่อ 𝟐,𝟓𝟐𝟖*𝟏𝟖  เดือน🌟 ୨ৎ   𓏔🪞กา"
39,DZCq9SmE7rV,https://www.instagram.com/mynowphone.shop/p/DZCq9SmE7rV,1,"❝🌷🛣️ᯓ 𝐢𝐏𝐡𝐨𝐧𝐞 𝟏𝟑 𝐏𝐫𝐨𝐦𝐚𝐱 𝟏𝟐𝟖𝐆𝐁 โมเดลนอก ꒱·🌳🍒✿. 𓈈🔖 ราคา : 𝟏𝟒,𝟓𝟓𝟎.- 🚏💖 ส่งฟรี  ୨ৎ 🌟 วางดาวน์ : 𝟏,𝟗𝟗𝟎 ผ่อนต่อ 𝟏,𝟔𝟏𝟖*𝟏𝟖 เดือน🌟"
40,DY_MvYck9Sp,https://www.instagram.com/mynowphone.shop/p/DY_MvYck9Sp,1,"❝🌷🛣️ᯓ 𝐢𝐏𝐡𝐨𝐧𝐞 𝟏𝟒 𝐏𝐫𝐨𝐦𝐚𝐱 𝟐𝟓𝟔𝐆𝐁 𝐋𝐋 ꒱·🌳🍒✿. 𓈈🔖 ราคา : 𝟏𝟔,𝟗𝟗𝟎.- 🚏💖 ส่งฟรี  𓏔🪞การใช้งานปกติทุกอย่าง 𓏔🎀สแกนหน้าได้ จอมีทรูโทน 𓏔🏁"
41,DY14Yjzk1Y8,https://www.instagram.com/mynowphone.shop/p/DY14Yjzk1Y8,1,"❝🌷🛣️ᯓ 𝐢𝐏𝐡𝐨𝐧𝐞 𝟏𝟐 𝟔𝟒𝐆𝐁 𝐋𝐋 ꒱·🌳🍒✿. 𓈈🔖 ราคา : 𝟕,𝟗𝟗𝟎.- 🚏💖 ส่งฟรี  𓏔🪞การใช้งานปกติทุกอย่าง 𓏔🎀สแกนหน้าได้ จอมีทรูโทน 𓏔🏁มือ 𝟐 มีร"
42,DY1JFrME61G,https://www.instagram.com/mynowphone.shop/p/DY1JFrME61G,1,"❝🌷🛣️ᯓ 𝐢𝐏𝐡𝐨𝐧𝐞 𝟏𝟏 𝟔𝟒𝐆𝐁 𝐓𝐇 ꒱·🌳🍒✿. 𓈈🔖 ราคา : 𝟔,𝟗𝟗𝟎.- 🚏💖 ส่งฟรี  (กล่องสีไม่ตรงเครื่องขอคนไม่ซี)  𓏔🪞การใช้งานปกติทุกอย่าง 𓏔🎀ส"
43,DYbtOUbEzG6,https://www.instagram.com/mynowphone.shop/p/DYbtOUbEzG6,1,"❝🌷🛣️ᯓ 𝐢𝐏𝐡𝐨𝐧𝐞 𝟏𝟓 𝟏𝟐𝟖𝐆𝐁 𝐋𝐋 ꒱·🌳🍒✿. 𓈈🔖 ราคา : 𝟏𝟑,𝟗𝟗𝟎.- 🚏💖 ส่งฟรี  𓏔🪞การใช้งานปกติทุกอย่าง 𓏔🎀สแกนหน้าได้ จอมีทรูโทน 𓏔🏁มือ 𝟐 ม"
44,DYSVWsCk6oY,https://www.instagram.com/mynowphone.shop/p/DYSVWsCk6oY,1,"❝🌷🛣️ᯓ 𝐢𝐏𝐡𝐨𝐧𝐞 𝟏𝟒 𝐏𝐫𝐨 𝟏𝟐𝟖𝐆𝐁 𝐋𝐋 ꒱·🌳🍒✿. 𓈈🔖 ราคา : 𝟏𝟒,𝟗𝟗𝟎.- 🚏💖 ส่งฟรี  𓏔🪞การใช้งานปกติทุกอย่าง 𓏔🎀สแกนหน้าได้ จอมีทรูโทน 𓏔🏁มือ"
45,DYSRaOLk4C8,https://www.instagram.com/mynowphone.shop/p/DYSRaOLk4C8,1,"❝🌷🛣️ᯓ 𝐢𝐏𝐡𝐨𝐧𝐞 𝟏𝟐 𝟔𝟒𝐆𝐁 𝐋𝐋 ꒱·🌳🍒✿. 𓈈🔖 ราคา : 𝟕,𝟗𝟗𝟎.- 🚏💖 ส่งฟรี  𓏔🪞การใช้งานปกติทุกอย่าง 𓏔🎀สแกนหน้าได้ จอมีทรูโทน 𓏔🏁มือ 𝟐 มีร"
46,DYRQp6ZE52v,https://www.instagram.com/mynowphone.shop/p/DYRQp6ZE52v,1,"❝🌷🛣️ᯓ 𝐢𝐏𝐡𝐨𝐧𝐞 𝟏𝟑 𝟏𝟐𝟖𝐆𝐁 𝐋𝐋꒱·🌳🍒✿. 𓈈🔖 ราคา : 𝟗,𝟗𝟗𝟎.- 🚏💖 ส่งฟรี  𓏔🪞การใช้งานปกติทุกอย่าง 𓏔🎀สแกนหน้าได้ จอมีทรูโทน 𓏔🏁มือ 𝟐 มีร"
47,DYCQeTwkzPx,https://www.instagram.com/mynowphone.shop/p/DYCQeTwkzPx,1,"❝🌷🛣️ᯓ 𝐢𝐏𝐡𝐨𝐧𝐞 𝟕 𝐏𝐥𝐮𝐬 𝟏𝟐𝟖𝐆𝐁 𝐓𝐇 ꒱·🌳🍒✿. 𓈈🔖 ราคา : 𝟑,𝟗𝟗𝟎.- 🚏💖 ส่งฟรี  𓏔🪞การใช้งานปกติทุกอย่าง 𓏔🎀สแกนนิ้วได้ ศึกษาก่อนสั่งซื้อ"
48,DYB1dLbk5IO,https://www.instagram.com/mynowphone.shop/p/DYB1dLbk5IO,1,"❝🌷🛣️ᯓ 𝐢𝐏𝐡𝐨𝐧𝐞 𝟔 𝟏𝟔𝐆𝐁 โมเดลนอก ꒱·🌳🍒✿. 𓈈🔖 ราคา : 𝟏,𝟔𝟗𝟎.- 🚏💖 ส่งฟรี  𓏔🪞การใช้งานปกติทุกอย่าง 𓏔⚠️ไม่สแกนนิ้ว ศึกษาก่อนสั่งซื้"
49,DYByflnEydo,https://www.instagram.com/mynowphone.shop/p/DYByflnEydo,1,"❝🌷🛣️ᯓ 𝐢𝐏𝐡𝐨𝐧𝐞 𝟏𝟓 𝟏𝟐𝟖𝐆𝐁 𝐋𝐋 ꒱·🌳🍒✿. 𓈈🔖 ราคา : 𝟏𝟓,𝟓𝟓𝟎.- 🚏💖 ส่งฟรี  𓏔🪞การใช้งานปกติทุกอย่าง 𓏔🎀สแกนหน้าได้ จอมีทรูโทน 𓏔🏁มือ 𝟐 ม"
50,DYBpIX1E7c1,https://www.instagram.com/mynowphone.shop/p/DYBpIX1E7c1,1,"❝🌷🛣️ᯓ 𝐢𝐏𝐡𝐨𝐧𝐞 𝟕 𝟑𝟐𝐆𝐁 𝐋𝐋 ꒱·🌳🍒✿. 𓈈🔖 ราคา : 𝟏,𝟗𝟗𝟎.- 🚏💖 ส่งฟรี  𓏔🪞การใช้งานปกติทุกอย่าง 𓏔🎀สแกนนิ้วได้ หน้าจอ 𝟒.𝟕 นิ้ว 𓏔🏁มือ 𝟐"
51,DX_muBJE98q,https://www.instagram.com/mynowphone.shop/p/DX_muBJE98q,1,"❝🌷🛣️ᯓ 𝐢𝐏𝐡𝐨𝐧𝐞 𝟏𝟕 𝟐𝟓𝟔𝐆𝐁 𝐙𝐏 ꒱·🌳🍒✿. 𓈈🔖 ราคา : 𝟐𝟗,𝟗𝟗𝟎.- 🚏💖 ส่งฟรี  ୨ৎ 🌟 วางดาวน์ : 𝟓,𝟗𝟗𝟎 ผ่อนต่อ 𝟑,𝟒𝟕𝟎*𝟏𝟖 เดือน🌟 ୨ৎ   𓏔🪞การใช"
52,DX_SD7BE_98,https://www.instagram.com/mynowphone.shop/p/DX_SD7BE_98,1,"❝🌷🛣️ᯓ 𝐢𝐏𝐡𝐨𝐧𝐞 𝟏𝟑 𝟏𝟐𝟖𝐆𝐁 𝐋𝐋 ꒱·🌳🍒✿. 𓈈🔖 ราคา : 𝟏𝟏,𝟗𝟗𝟎.- 🚏💖 ส่งฟรี  𓏔🪞การใช้งานปกติทุกอย่าง 𓏔🎀สแกนหน้าได้ จอมีทรูโทน 𓏔🏁มือ 𝟐 ม"
53,DX6HOdRE_Lq,https://www.instagram.com/mynowphone.shop/p/DX6HOdRE_Lq,1,"❝🌷🛣️ᯓ 𝐢𝐏𝐡𝐨𝐧𝐞 𝟏𝟐 𝟔𝟒𝐆𝐁 𝐋𝐋 ꒱·🌳🍒✿. 𓈈🔖 ราคา : 𝟕,𝟗𝟗𝟎.- 🚏💖 ส่งฟรี  𓏔🪞การใช้งานปกติทุกอย่าง 𓏔🎀สแกนหน้าได้ จอมีทรูโทน 𓏔🏁มือ 𝟐 มีร"
54,DX6FEgTEwwg,https://www.instagram.com/mynowphone.shop/p/DX6FEgTEwwg,1,"❝🌷🛣️ᯓ 𝐢𝐏𝐡𝐨𝐧𝐞 𝟏𝟐 𝐩𝐫𝐨𝐦𝐚𝐱 𝟏𝟐𝟖𝐆𝐁 𝐋𝐋 ꒱·🌳🍒✿. 𓈈🔖 ราคา : 𝟏𝟎,𝟗𝟗𝟎.- 🚏💖 ส่งฟรี  𓏔🪞การใช้งานปกติทุกอย่าง 𓏔🎀สแกนหน้าได้ จอมีทรูโทน 𓏔🏁"
55,DX5-auCE0n_,https://www.instagram.com/mynowphone.shop/p/DX5-auCE0n_,1,"❝🌷🛣️ᯓ 𝐢𝐏𝐡𝐨𝐧𝐞 𝟏𝟒 𝐏𝐫𝐨𝐦𝐚𝐱 𝟏𝟐𝟖𝐆𝐁 𝐋𝐋 ꒱·🌳🍒✿. 𓈈🔖 ราคา : 𝟏𝟔,𝟗𝟗𝟎.- 🚏💖 ส่งฟรี  ୨ৎ 🌟 วางดาวน์ : 𝟐,𝟓𝟎𝟎 ผ่อนต่อ 𝟐,𝟔𝟒𝟎*𝟏𝟐 เดือน🌟 ୨ৎ   "
56,DX3rfJmk5GM,https://www.instagram.com/mynowphone.shop/p/DX3rfJmk5GM,1,"❝🌷🛣️ᯓ 𝐢𝐏𝐡𝐨𝐧𝐞 𝟏𝟕 𝐏𝐫𝐨𝐦𝐚𝐱 𝟐𝟓𝟔𝐆𝐁 𝐙𝐏/𝐀 ꒱·🌳🍒✿. 𓈈🔖 ราคา : 𝟒𝟓,𝟓𝟓𝟎.- 🚏💖 ส่งฟรี  𓏔🪞การใช้งานปกติทุกอย่าง 𓏔🎀สแกนหน้าได้ จอมีทรูโทน "
57,DX3gtbqk94I,https://www.instagram.com/mynowphone.shop/p/DX3gtbqk94I,1,"❝🌷🛣️ᯓ 𝐢𝐏𝐡𝐨𝐧𝐞 𝟏𝟒 𝐏𝐫𝐨 𝟏𝟐𝟖𝐆𝐁 𝐋𝐋 ꒱·🌳🍒✿. 𓈈🔖 ราคา : 𝟏𝟒,𝟗𝟗𝟎.- 🚏💖 ส่งฟรี  𓏔🪞การใช้งานปกติทุกอย่าง 𓏔🎀สแกนหน้าได้ จอมีทรูโทน 𓏔🏁มือ"
58,DX3d-vDE7mo,https://www.instagram.com/mynowphone.shop/p/DX3d-vDE7mo,1,"❝🌷🛣️ᯓ 𝐢𝐏𝐡𝐨𝐧𝐞 𝟏𝟏 𝟔𝟒𝐆𝐁 𝐓𝐇 ꒱·🌳🍒✿. 𓈈🔖 ราคา : 𝟔,𝟗𝟗𝟎.- 🚏💖 ส่งฟรี  𓏔🪞การใช้งานปกติทุกอย่าง 𓏔🎀สแกนหน้าได้ จอมีทรูโทน 𓏔🏁มือ 𝟐 มีร"
59,DX1OS3MkzzE,https://www.instagram.com/mynowphone.shop/p/DX1OS3MkzzE,1,"❝🌷🛣️ᯓ 𝐢𝐏𝐡𝐨𝐧𝐞 𝐗 𝟔𝟒𝐆𝐁 𝐓𝐇 ꒱·🌳🍒✿. 𓈈🔖 ราคา : 𝟒,𝟓𝟓𝟎.- 🚏💖 ส่งฟรี  𓏔🪞การใช้งานปกติทุกอย่าง 𓏔⚠️ไม่สแกนหน้า จอไม่มีทรูโทน 𓏔🏁มือ 𝟐 "
60,DX1Hrc5E_z0,https://www.instagram.com/mynowphone.shop/p/DX1Hrc5E_z0,1,"❝🌷🛣️ᯓ 𝐢𝐏𝐡𝐨𝐧𝐞 𝟏𝟓 𝐏𝐥𝐮𝐬 𝟏𝟐𝟖𝐆𝐁 𝐋𝐋 ꒱·🌳🍒✿. 𓈈🔖 ราคา : 𝟏𝟓,𝟗𝟗𝟎.- 🚏💖 ส่งฟรี  ୨ৎ 🌟 วางดาวน์ : 𝟐,𝟓𝟎𝟎 ผ่อนต่อ 𝟐,𝟒𝟐𝟎*𝟏𝟐 เดือน🌟 ୨ৎ   𓏔🪞"
61,DX1DgseEwvp,https://www.instagram.com/mynowphone.shop/p/DX1DgseEwvp,1,"❝🌷🛣️ᯓ 𝐢𝐏𝐡𝐨𝐧𝐞 𝟏𝟓 𝟏𝟐𝟖𝐆𝐁 𝐋𝐋 ꒱·🌳🍒✿. 𓈈🔖 ราคา : 𝟏𝟒,𝟗𝟗𝟎.- 🚏💖 ส่งฟรี  ୨ৎ 🌟 วางดาวน์ : 𝟐,𝟓𝟎𝟎 ผ่อนต่อ 𝟏,𝟗𝟖𝟎*𝟏𝟐 เดือน🌟 ୨ৎ   𓏔🪞การใช"
62,DXv8BnJE0bd,https://www.instagram.com/mynowphone.shop/p/DXv8BnJE0bd,1,"❝🌷🛣️ᯓ 𝐢𝐏𝐡𝐨𝐧𝐞 𝟏𝟐 𝐏𝐫𝐨 𝟏𝟐𝟖𝐆𝐁 𝐋𝐋 ꒱·🌳🍒✿. 𓈈🔖 ราคา : 𝟏𝟏,𝟓𝟓𝟎.- 🚏💖 ส่งฟรี  𓏔🪞การใช้งานปกติทุกอย่าง 𓏔🎀สแกนหน้าได้ จอมีทรูโทน 𓏔🏁มือ"
63,DXv3_tNk9pj,https://www.instagram.com/mynowphone.shop/p/DXv3_tNk9pj,1,"❝🌷🛣️ᯓ 𝐢𝐏𝐡𝐨𝐧𝐞 𝟏𝟔 𝐏𝐫𝐨 𝟏𝟐𝟖𝐆𝐁 𝐙𝐏/𝐀 ꒱·🌳🍒✿. 𓈈🔖 ราคา : 𝟐𝟗,𝟓𝟓𝟎.- 🚏💖 ส่งฟรี  ୨ৎ 🌟 วางดาวน์ : 𝟒,𝟗𝟎𝟎 ผ่อนต่อ 𝟒,𝟏𝟏𝟎*𝟏𝟐 เดือน🌟 ୨ৎ   𓏔"
64,DXv018eE2Ph,https://www.instagram.com/mynowphone.shop/p/DXv018eE2Ph,1,"❝🌷🛣️ᯓ 𝐢𝐏𝐡𝐨𝐧𝐞 𝟏𝟑 𝟏𝟐𝟖𝐆𝐁 𝐋𝐋 ꒱·🌳🍒✿. 𓈈🔖 ราคา : 𝟏𝟒,𝟗𝟗𝟎.- 🚏💖 ส่งฟรี  ୨ৎ 🌟 วางดาวน์ : 𝟏,𝟗𝟎𝟎 ผ่อนต่อ 𝟏,𝟗𝟑𝟎*𝟏𝟐 เดือน🌟 ୨ৎ   𓏔🪞การใช"
65,DXuSXZ4EwjM,https://www.instagram.com/mynowphone.shop/p/DXuSXZ4EwjM,1,"❝🌷🛣️ᯓ 𝐢𝐏𝐡𝐨𝐧𝐞 𝟏𝟒 𝐏𝐥𝐮𝐬 𝟏𝟐𝟖𝐆𝐁 𝐋𝐋 ꒱·🌳🍒✿. 𓈈🔖 ราคา : 𝟏𝟑,𝟗𝟗𝟎.- 🚏💖 ส่งฟรี  ୨ৎ 🌟 วางดาวน์ : 𝟏,𝟗𝟎𝟎 ผ่อนต่อ 𝟏,𝟗𝟖𝟎*𝟏𝟐 เดือน🌟 ୨ৎ   𓏔🪞"
66,DXuQabck1OY,https://www.instagram.com/mynowphone.shop/p/DXuQabck1OY,1,"❝🌷🛣️ᯓ 𝐢𝐏𝐡𝐨𝐧𝐞 𝟏𝟔 𝟏𝟐𝟖𝐆𝐁 𝐋𝐋 ꒱·🌳🍒✿. 𓈈🔖 ราคา : 𝟏𝟗,𝟗𝟗𝟎.- 🚏💖 ส่งฟรี  ୨ৎ 🌟 วางดาวน์ : 𝟐,𝟗𝟗𝟗 ผ่อนต่อ 𝟐,𝟓𝟑𝟎*𝟏𝟐 เดือน🌟 ୨ৎ   𓏔🪞การใช"
67,DXuORv8k3fs,https://www.instagram.com/mynowphone.shop/p/DXuORv8k3fs,1,"❝🌷🛣️ᯓ 𝐢𝐏𝐡𝐨𝐧𝐞 𝟏𝟓 𝐏𝐫𝐨 𝟏𝟐𝟖𝐆𝐁 𝐋𝐋 ꒱·🌳🍒✿. 𓈈🔖 ราคา : 𝟏𝟔,𝟗𝟗𝟎.- 🚏💖 ส่งฟรี  ୨ৎ 🌟 วางดาวน์ : 𝟐,𝟗𝟗𝟎 ผ่อนต่อ 𝟐,𝟒𝟗𝟎*𝟏𝟐 เดือน🌟 ୨ৎ   𓏔🪞ก"
68,DXtxiOoE-u1,https://www.instagram.com/mynowphone.shop/p/DXtxiOoE-u1,1,"❝🌷🛣️ᯓ 𝐢𝐏𝐡𝐨𝐧𝐞 𝟏𝟒 𝐏𝐫𝐨 𝟏𝟐𝟖𝐆𝐁 𝐋𝐋 ꒱·🌳🍒✿. 𓈈🔖 ราคา : 𝟏𝟓,𝟗𝟗𝟎.- 🚏💖 ส่งฟรี  ୨ৎ 🌟 วางดาวน์ : 𝟐,𝟗𝟗𝟎 ผ่อนต่อ 𝟐,𝟑𝟏𝟎*𝟏𝟐 เดือน🌟 ୨ৎ   𓏔🪞ก"
69,DXtt6bDkw6S,https://www.instagram.com/mynowphone.shop/p/DXtt6bDkw6S,1,"❝🌷🛣️ᯓ 𝐢𝐏𝐡𝐨𝐧𝐞 𝟏𝟏 𝟔𝟒𝐠𝐛 𝐓𝐇 ꒱·🌳🍒✿. 𓈈🔖 ราคา : 𝟕,𝟗𝟗𝟎.- 🚏💖 ส่งฟรี  𓏔🪞การใช้งานปกติทุกอย่าง 𓏔🎀สแกนหน้าได้ จอมีทรูโทน 𓏔🏁มือ 𝟐 มีร"
70,DXtrmIjkxAW,https://www.instagram.com/mynowphone.shop/p/DXtrmIjkxAW,1,"❝🌷🛣️ᯓ 𝐢𝐏𝐡𝐨𝐧𝐞 𝟏𝟐 𝟏𝟐𝟖𝐆𝐁 𝐂𝐇 ꒱·🌳🍒✿. 𓈈🔖 ราคา : 𝟗,𝟑𝟓𝟎.- 🚏💖 ส่งฟรี  ୨ৎ 🌟 วางดาวน์ : 𝟏,𝟗𝟗𝟎 ผ่อนต่อ 𝟏,𝟏𝟎𝟎*𝟏𝟐 เดือน🌟 ୨ৎ   𓏔🪞การใช้"
71,DViWXIVk7R-,https://www.instagram.com/mynowphone.shop/p/DViWXIVk7R-,1,"❝🌷🛣️ᯓ 𝐢𝐏𝐡𝐨𝐧𝐞 𝟏𝟒 𝐏𝐥𝐮𝐬 𝟏𝟐𝟖𝐆𝐁 𝐋𝐋 ꒱·🌳🍒✿. 𓈈🔖 ราคา : 𝟏𝟑,𝟗𝟗𝟎 .- 🚏💖 ส่งฟรี  ୨ৎ 🌟 วางดาวน์ : 𝟐,𝟓𝟓𝟎 ผ่อนต่อ 𝟐,𝟒𝟗𝟎*𝟏𝟐 เดือน🌟 ୨ৎ   𓏔"
72,DVc6oYPk6du,https://www.instagram.com/mynowphone.shop/p/DVc6oYPk6du,1,"❝🌷🛣️ᯓ 𝐢𝐏𝐡𝐨𝐧𝐞 𝟏𝟔 𝟏𝟐𝟖𝐆𝐁 𝐋𝐋 ꒱·🌳🍒✿. 𓈈🔖 ราคา : 𝟏𝟗,𝟗𝟗𝟎.- 🚏💖 ส่งฟรี  𓏔🪞การใช้งานปกติทุกอย่าง 𓏔🎀สแกนหน้าได้ จอมีทรูโทน 𓏔🏁มือ 𝟐 ม"
73,DVci1GmE6YO,https://www.instagram.com/mynowphone.shop/p/DVci1GmE6YO,1,"❝🌷🛣️ᯓ 𝐢𝐏𝐡𝐨𝐧𝐞 𝟏𝟒 𝐏𝐫𝐨𝐌𝐚𝐱 𝟏𝟐𝟖𝐆𝐁 𝐋𝐋 ꒱·🌳🍒✿. 𓈈🔖 ราคา : 𝟏𝟕,𝟗𝟗𝟎.- 🚏💖 ส่งฟรี ୨ৎ 🌟 วางดาวน์ : 𝟐,𝟓𝟓𝟎 ผ่อนต่อ 𝟐,𝟖𝟓𝟎*𝟏𝟐 เดือน🌟 ୨ৎ   𓏔"
74,DVcctHBE5AE,https://www.instagram.com/mynowphone.shop/p/DVcctHBE5AE,1,"❝🌷🛣️ᯓ 𝐢𝐏𝐡𝐨𝐧𝐞 𝟏𝟑 𝟐𝟓𝟔𝐆𝐁 𝐋𝐋 ꒱·🌳🍒✿. 𓈈🔖 ราคา : 𝟏𝟐,𝟓𝟓𝟎.- 🚏💖 ส่งฟรี  𓏔🪞การใช้งานปกติทุกอย่าง 𓏔🎀สแกนหน้าได้ จอมีทรูโทน 𓏔🏁มือ 𝟐 ม"
75,DVaAuaKk5qy,https://www.instagram.com/mynowphone.shop/p/DVaAuaKk5qy,1,"❝🌷🛣️ᯓ 𝐢𝐏𝐡𝐨𝐧𝐞 𝟏𝟏 𝟏𝟐𝟖𝐆𝐁 𝐓𝐇 ꒱·🌳🍒✿. 𓈈🔖 ราคา : 𝟕,𝟗𝟗𝟎.- 🚏💖 ส่งฟรี  𓏔🪞การใช้งานปกติทุกอย่าง 𓏔🎀สแกนหน้าได้ จอมีทรูโทน 𓏔🏁มือ 𝟐 มี"
76,DVZ55EEEyZv,https://www.instagram.com/mynowphone.shop/p/DVZ55EEEyZv,1,"❝🌷🛣️ᯓ 𝐢𝐏𝐡𝐨𝐧𝐞 𝟏𝟒 𝟏𝟐𝟖𝐆𝐁 𝐋𝐋 ꒱·🌳🍒✿. 𓈈🔖 ราคา : 𝟏𝟑,𝟗𝟗𝟎.- 🚏💖 ส่งฟรี  𓏔🪞การใช้งานปกติทุกอย่าง 𓏔🎀สแกนหน้าได้ จอมีทรูโทน 𓏔🏁มือ 𝟐 ม"
77,DVGIo_Zkxjp,https://www.instagram.com/mynowphone.shop/p/DVGIo_Zkxjp,1,"❝🌷🛣️ᯓ 𝐢𝐏𝐡𝐨𝐧𝐞 𝟏𝟒 𝐏𝐫𝐨 𝟏𝟐𝟖𝐆𝐁 𝐋𝐋 ꒱·🌳🍒✿. 𓈈🔖 ราคา : 𝟏𝟓,𝟗𝟗𝟎.- 🚏💖 ส่งฟรี  𓏔🪞การใช้งานปกติทุกอย่าง 𓏔🎀สแกนหน้าได้ จอมีทรูโทน 𓏔🏁มือ"
78,DVGECmCk8rG,https://www.instagram.com/mynowphone.shop/p/DVGECmCk8rG,1,"❝🌷🛣️ᯓ 𝐢𝐏𝐡𝐨𝐧𝐞 𝟏𝟔 𝟏𝟐𝟖𝐆𝐁 𝐙𝐏 ꒱·🌳🍒✿. 𓈈🔖 ราคา : 𝟐𝟑,𝟓𝟓𝟎.- 🚏💖 ส่งฟรี ୨ৎ 🌟 วางดาวน์ : 𝟔,𝟓𝟎𝟎 ผ่อนต่อ 𝟑,𝟐𝟏𝟎*𝟏𝟐 เดือน🌟 ୨ৎ   𓏔🪞การใช้"
79,DU5WKKPExRq,https://www.instagram.com/mynowphone.shop/p/DU5WKKPExRq,1,"❝🌷🛣️ᯓ 𝐢𝐏𝐡𝐨𝐧𝐞 𝟏𝟓 𝟏𝟐𝟖𝐆𝐁 𝐋𝐋 ꒱·🌳🍒✿. 𓈈🔖 ราคา : 𝟏𝟒,𝟓𝟓𝟎.- 🚏💖 ส่งฟรี  𓏔🪞การใช้งานปกติทุกอย่าง 𓏔🎀สแกนหน้าได้ จอมีทรูโทน 𓏔🏁มือ 𝟐 ม"
80,DU2ss0Lk3fi,https://www.instagram.com/mynowphone.shop/p/DU2ss0Lk3fi,1,"❝🌷🛣️ᯓ 𝐢𝐏𝐡𝐨𝐧𝐞 𝟏𝟑 𝟏𝟐𝟖𝐆𝐁 โมเดลนอก ꒱·🌳🍒✿. 𓈈🔖 ราคา : 𝟏𝟏,𝟗𝟗𝟎.- 🚏💖 ส่งฟรี  𓏔🪞การใช้งานปกติทุกอย่าง 𓏔🎀สแกนหน้าได้ จอมีทรูโทน 𓏔🏁ม"
81,DU2Kzvbk5M1,https://www.instagram.com/mynowphone.shop/p/DU2Kzvbk5M1,1,"❝🌷🛣️ᯓ 𝐢𝐏𝐡𝐨𝐧𝐞 𝟏𝟐 𝟏𝟐𝟖𝐆𝐁 𝐋𝐋 ꒱·🌳🍒✿. 𓈈🔖 ราคา : 𝟖,𝟗𝟗𝟎.- 🚏💖 ส่งฟรี  𓏔🪞การใช้งานปกติทุกอย่าง 𓏔🎀สแกนหน้าได้ จอมีทรูโทน 𓏔🏁มือ 𝟐 มี"
82,DUxEsZUkx2v,https://www.instagram.com/mynowphone.shop/p/DUxEsZUkx2v,1,"❝🌷🛣️ᯓ 𝐢𝐏𝐡𝐨𝐧𝐞 𝟏𝟔 𝐏𝐥𝐮𝐬 𝟏𝟐𝟖𝐆𝐁 𝐋𝐋 ꒱·🌳🍒✿. 𓈈🔖 ราคา : 𝟐𝟏,𝟗𝟗𝟎.- 🚏💖 ส่งฟรี ୨ৎ 🌟 วางดาวน์ : 𝟑,𝟗𝟎𝟎 ผ่อนต่อ 𝟑,𝟔𝟒𝟎*𝟏𝟎 เดือน🌟 ୨ৎ   𓏔🪞ก"
83,DUw9xMEkyEg,https://www.instagram.com/mynowphone.shop/p/DUw9xMEkyEg,1,"❝🌷🛣️ᯓ 𝐢𝐏𝐡𝐨𝐧𝐞 𝟏𝟑 𝐏𝐫𝐨 𝟏𝟐𝟖𝐆𝐁 𝐋𝐋 ꒱·🌳🍒✿. 𓈈🔖 ราคา : 𝟏𝟑,𝟗𝟗𝟎.- 🚏💖 ส่งฟรี ୨ৎ 🌟 วางดาวน์ : 𝟐,𝟓𝟎𝟎 ผ่อนต่อ 𝟐,𝟐𝟒𝟎*𝟏𝟎 เดือน🌟 ୨ৎ   𓏔🪞กา"
84,DUkOvRRk_Iw,https://www.instagram.com/mynowphone.shop/p/DUkOvRRk_Iw,1,"❝🌷🛣️ᯓ 𝐢𝐏𝐡𝐨𝐧𝐞 𝟏𝟒 𝐏𝐫𝐨 𝟏𝟐𝟖𝐆𝐁 𝐋𝐋 ꒱·🌳🍒✿. 𓈈🔖 ราคา : 𝟏𝟒,𝟗𝟗𝟎.- 🚏💖 ส่งฟรี ୨ৎ 🌟 วางดาวน์ : 𝟐,𝟗𝟗𝟎 ผ่อนต่อ 𝟐,𝟒𝟗𝟎*𝟏𝟐 เดือน🌟 ୨ৎ   𓏔🪞กา"
85,DUkNHvcE_UD,https://www.instagram.com/mynowphone.shop/p/DUkNHvcE_UD,1,"❝🌷🛣️ᯓ 𝐢𝐏𝐡𝐨𝐧𝐞 𝟏𝟓 𝐏𝐫𝐨𝐌𝐚𝐱 𝟐𝟓𝟔𝐆𝐁 𝐋𝐋 ꒱·🌳🍒✿. 𓈈🔖 ราคา : 𝟐𝟎,𝟗𝟗𝟎.- 🚏💖 ส่งฟรี ୨ৎ 🌟 วางดาวน์ : 𝟐,𝟗𝟗𝟎 ผ่อนต่อ 𝟑,𝟔𝟖𝟎*𝟏𝟐 เดือน🌟 ୨ৎ   𓏔"
86,DUV7_gVk8Rc,https://www.instagram.com/mynowphone.shop/p/DUV7_gVk8Rc,1,"❝🌷🛣️ᯓ 𝐢𝐏𝐡𝐨𝐧𝐞 𝟏𝟓 𝐏𝐫𝐨 𝟏𝟐𝟖𝐆𝐁 𝐋𝐋 ꒱·🌳🍒✿. 𓈈🔖 ราคา : 𝟏𝟗,𝟗𝟗𝟎.- 🚏💖 ส่งฟรี ୨ৎ 🌟 วางดาวน์ : 𝟐,𝟗𝟗𝟎 ผ่อนต่อ 𝟑,𝟐𝟏𝟎*𝟏𝟐 เดือน🌟 ୨ৎ   𓏔🪞กา"
87,DUTimqGk9V_,https://www.instagram.com/mynowphone.shop/p/DUTimqGk9V_,1,"❝🌷🛣️ᯓ 𝐢𝐏𝐡𝐨𝐧𝐞 𝟏𝟓 𝟏𝟐𝟖𝐆𝐁 𝐋𝐋 ꒱·🌳🍒✿. 𓈈🔖 ราคา : 𝟏𝟒,𝟗𝟗𝟎.- 🚏💖 ส่งฟรี  𓏔🪞การใช้งานปกติทุกอย่าง 𓏔🎀สแกนหน้าได้ จอมีทรูโทน 𓏔🏁มือ 𝟐 ม"
88,DUTeTABk5sx,https://www.instagram.com/mynowphone.shop/p/DUTeTABk5sx,1,"❝🌷🛣️ᯓ 𝐢𝐏𝐡𝐨𝐧𝐞 𝟏𝟒 𝐏𝐫𝐨𝐌𝐚𝐱 𝟏𝟐𝟖𝐆𝐁 𝐋𝐋 ꒱·🌳🍒✿. 𓈈🔖 ราคา : 𝟏𝟔,𝟗𝟗𝟎.- 🚏💖 ส่งฟรี  𓏔🪞การใช้งานปกติทุกอย่าง 𓏔🎀สแกนหน้าได้ จอมีทรูโทน 𓏔🏁"
89,DUSGyG4E1JO,https://www.instagram.com/mynowphone.shop/p/DUSGyG4E1JO,1,"❝🌷🛣️ᯓ 𝐢𝐏𝐡𝐨𝐧𝐞 𝟏𝟏 𝟏𝟐𝟖𝐆𝐁 𝐓𝐇 ꒱·🌳🍒✿. 𓈈🔖 ราคา : 𝟖,𝟗𝟗𝟎.- 🚏💖 ส่งฟรี  𓏔🪞การใช้งานปกติทุกอย่าง 𓏔🎀สแกนหน้าได้ จอมีทรูโทน 𓏔🏁มือ 𝟐 มี"
90,DUFZrYKk7vB,https://www.instagram.com/mynowphone.shop/p/DUFZrYKk7vB,1,"❝🌷🛣️ᯓ 𝐢𝐏𝐡𝐨𝐧𝐞 𝟔 𝟏𝟔𝐆𝐁 𝐂𝐇 ꒱·🌳🍒✿. 𓈈🔖 ราคา : 𝟏,𝟗𝟗𝟎.- 🚏💖 ส่งฟรี  𓏔🪞การใช้งานปกติทุกอย่าง 𓏔🎀สแกนนิ้วได้ ศึกษาก่อนสั่งซื้อ 𓏔🏁มือ"
91,DUFMsJsEz29,https://www.instagram.com/mynowphone.shop/p/DUFMsJsEz29,1,"❝🌷🛣️ᯓ 𝐢𝐏𝐡𝐨𝐧𝐞 𝐗 𝟔𝟒𝐆𝐁 𝐓𝐇 ꒱·🌳🍒✿. 𓈈🔖 ราคา : 𝟒,𝟓𝟓𝟎.- 🚏💖 ส่งฟรี  𓏔🪞การใช้งานปกติทุกอย่าง 𓏔🎀สแกนหน้าได้ จอมีทรูโทน 𓏔🏁มือ 𝟐 มีรอ"
92,DUFC99Vk8dk,https://www.instagram.com/mynowphone.shop/p/DUFC99Vk8dk,1,"❝🌷🛣️ᯓ 𝐢𝐏𝐡𝐨𝐧𝐞 𝟕 𝐏𝐥𝐮𝐬 𝟏𝟐𝟖𝐆𝐁 𝐓𝐇 ꒱·🌳🍒✿. 𓈈🔖 ราคา : 𝟑,𝟗𝟗𝟎.- 🚏💖 ส่งฟรี  𓏔🪞การใช้งานปกติทุกอย่าง 𓏔🎀สแกนนิ้วได้ 𝐢𝐎𝐒 𝟏𝟓.𝟕 𓏔🏁มือ 𝟐 "
93,DUBcRYDk-G1,https://www.instagram.com/mynowphone.shop/p/DUBcRYDk-G1,1,"❝🌷🛣️ᯓ 𝐢𝐏𝐡𝐨𝐧𝐞 𝟏𝟒 𝐏𝐥𝐮𝐬 𝟏𝟐𝟖𝐆𝐁 𝐋𝐋 ꒱·🌳🍒✿. 𓈈🔖 ราคา : 𝟏𝟒,𝟗𝟗𝟎.- 🚏💖 ส่งฟรี ୨ৎ 🌟 วางดาวน์ : 𝟐,𝟗𝟗𝟎 ผ่อนต่อ 𝟐,𝟏𝟓𝟎*𝟏𝟐 เดือน🌟 ୨ৎ   𓏔🪞ก"
94,DUAs3CzEwDl,https://www.instagram.com/mynowphone.shop/p/DUAs3CzEwDl,1,"❝🌷🛣️ᯓ 𝐢𝐏𝐚𝐝 𝐀𝐢𝐫𝟒 𝟔𝟒𝐆𝐁 𝐓𝐇 𝐖𝐢𝐅𝐢 ꒱·🌳🍒✿. 𓈈🔖 ราคา : 𝟗,𝟗𝟗𝟎.- 🚏💖 ส่งฟรี ⚠️ตำหนิจอไบร์ทไม่มีผลต่อการใช้งาน  𓏔🪞การใช้งานปกติทุกอย่"
95,DT-z49VE_2_,https://www.instagram.com/mynowphone.shop/p/DT-z49VE_2_,1,"❝🌷🛣️ᯓ 𝐢𝐏𝐡𝐨𝐧𝐞 𝟏𝟔 𝐏𝐫𝐨 𝟐𝟓𝟔𝐆𝐁 𝐙𝐏 ꒱·🌳🍒✿. 𓈈🔖 ราคา : 𝟑𝟏,𝟓𝟓𝟎.- 🚏💖 ส่งฟรี ୨ৎ 🌟 วางดาวน์ : 𝟕,𝟓𝟎𝟎 ผ่อนต่อ 𝟒,𝟑𝟔𝟑*𝟏𝟐 เดือน🌟 ୨ৎ   𓏔🪞กา"
96,DT5vQ0EE87-,https://www.instagram.com/mynowphone.shop/p/DT5vQ0EE87-,1,"❝🌷🛣️ᯓ 𝐢𝐏𝐡𝐨𝐧𝐞 𝟏𝟔 𝐏𝐥𝐮𝐬 𝟏𝟐𝟖𝐆𝐁 𝐋𝐋 ꒱·🌳🍒✿. 𓈈🔖 ราคา : 𝟐𝟏,𝟗𝟗𝟎.- 🚏💖 ส่งฟรี ୨ৎ 🌟 วางดาวน์ : 𝟐,𝟗𝟗𝟎 ผ่อนต่อ 𝟑,𝟐𝟏𝟎*𝟏𝟎 เดือน🌟 ୨ৎ   𓏔🪞ก"
97,DT5ri_wE28b,https://www.instagram.com/mynowphone.shop/p/DT5ri_wE28b,1,"❝🌷🛣️ᯓ 𝐢𝐏𝐡𝐨𝐧𝐞 𝟏𝟓 𝐏𝐫𝐨 𝟏𝟐𝟖𝐆𝐁 𝐋𝐋 ꒱·🌳🍒✿. 𓈈🔖 ราคา : 𝟏𝟓,𝟗𝟗𝟎.- 🚏💖 ส่งฟรี  𓏔🪞การใช้งานปกติทุกอย่าง 𓏔🎀สแกนหน้าได้ จอมีทรูโทน 𓏔🏁มือ"
98,DT5YPcLk4oN,https://www.instagram.com/mynowphone.shop/p/DT5YPcLk4oN,1,"❝🌷🛣️ᯓ 𝐢𝐏𝐡𝐨𝐧𝐞 𝐗𝐫 𝟏𝟐𝟖𝐆𝐁 𝐂𝐇 ꒱·🌳🍒✿. 𓈈🔖 ราคา : 𝟔,𝟓𝟓𝟎.- 🚏💖 ส่งฟรี  𓏔🪞การใช้งานปกติทุกอย่าง 𓏔🎀สแกนหน้าได้ จอมีทรูโทน 𓏔🏁มือ 𝟐 มี"
99,DT5WlvcE70y,https://www.instagram.com/mynowphone.shop/p/DT5WlvcE70y,1,"❝🌷🛣️ᯓ 𝐢𝐏𝐡𝐨𝐧𝐞 𝟏𝟑 𝐏𝐫𝐨 𝟏𝟐𝟖𝐆𝐁 𝐂𝐇 ꒱·🌳🍒✿. 𓈈🔖 ราคา : 𝟏𝟑,𝟗𝟗𝟎.- 🚏💖 ส่งฟรี  𓏔🪞การใช้งานปกติทุกอย่าง 𓏔🎀สแกนหน้าได้ จอมีทรูโทน 𓏔🏁มือ"
100,DT5FXObk7A2,https://www.instagram.com/mynowphone.shop/p/DT5FXObk7A2,1,"❝🌷🛣️ᯓ 𝐢𝐏𝐡𝐨𝐧𝐞 𝟏𝟑 𝐌𝐢𝐧𝐢 𝟏𝟐𝟖𝐆𝐁 𝐂𝐇 ꒱·🌳🍒✿. 𓈈🔖 ราคา : 𝟗,𝟓𝟓𝟎.- 🚏💖 ส่งฟรี  𓏔🪞การใช้งานปกติทุกอย่าง 𓏔🎀สแกนหน้าได้ จอมีทรูโทน 𓏔🏁มือ"
101,DTup3Ajk-Yv,https://www.instagram.com/mynowphone.shop/p/DTup3Ajk-Yv,1,"❝🌷🛣️ᯓ 𝐢𝐏𝐡𝐨𝐧𝐞 𝟏𝟑 𝐏𝐫𝐨 𝟏𝟐𝟖𝐆𝐁 𝐋𝐋 ꒱·🌳🍒✿. 𓈈🔖 ราคา : 𝟏𝟑,𝟗𝟗𝟎.- 🚏💖 ส่งฟรี ୨ৎ 🌟 วางดาวน์ : 𝟐,𝟗𝟗𝟎 ผ่อนต่อ 𝟐,𝟏𝟖𝟎*𝟗 เดือน🌟 ୨ৎ   𓏔🪞การ"
102,DTuOrwJk6zF,https://www.instagram.com/mynowphone.shop/p/DTuOrwJk6zF,1,"❝🌷🛣️ᯓ 𝐢𝐏𝐡𝐨𝐧𝐞 𝟏𝟐 𝟏𝟐𝟖𝐆𝐁 𝐂𝐇 ꒱·🌳🍒✿. 𓈈🔖 ราคา : 𝟖,𝟗𝟗𝟎.- 🚏💖 ส่งฟรี ୨ৎ 🌟 วางดาวน์ : 𝟏,𝟗𝟗𝟎 ผ่อนต่อ 𝟏,𝟖𝟓𝟎*𝟏𝟎 เดือน🌟 ୨ৎ   𓏔🪞การใช้ง"
103,DTuHg5yE8RJ,https://www.instagram.com/mynowphone.shop/p/DTuHg5yE8RJ,1,"❝🌷🛣️ᯓ 𝐢𝐏𝐡𝐨𝐧𝐞 𝟏𝟏 𝟏𝟐𝟖𝐆𝐁 𝐓𝐇 ꒱·🌳🍒✿. 𓈈🔖 ราคา : 𝟕,𝟗𝟗𝟎.- 🚏💖 ส่งฟรี  𓏔🪞การใช้งานปกติทุกอย่าง 𓏔🎀สแกนหน้าได้ จอมีทรูโทน 𓏔🏁มือ 𝟐 มี"
104,DTqIXNok74L,https://www.instagram.com/mynowphone.shop/p/DTqIXNok74L,1,"❝🌷🛣️ᯓ 𝐢𝐏𝐡𝐨𝐧𝐞 𝟏𝟓 𝐏𝐫𝐨 𝟐𝟓𝟔𝐆𝐁 𝐋𝐋 ꒱·🌳🍒✿. 𓈈🔖 ราคา : 𝟏𝟗,𝟗𝟗𝟎.- 🚏💖 ส่งฟรี  𓏔🪞การใช้งานปกติทุกอย่าง 𓏔🎀สแกนหน้าได้ จอมีทรูโทน 𓏔🏁มือ"
105,DTp-zdZkzqq,https://www.instagram.com/mynowphone.shop/p/DTp-zdZkzqq,1,"❝🌷🛣️ᯓ 𝐢𝐏𝐡𝐨𝐧𝐞 𝟏𝟐 𝐏𝐫𝐨 𝟏𝟐𝟖𝐆𝐁 โมเดลนอก ꒱·🌳🍒✿. 𓈈🔖 ราคา : 𝟗,𝟗𝟗𝟎.- 🚏💖 ส่งฟรี ୨ৎ 🌟 วางดาวน์ : 𝟐,𝟓𝟎𝟎 ผ่อนต่อ 𝟏,𝟐𝟓𝟎*𝟏𝟎 เดือน🌟 ୨ৎ  "
106,DTp5774k3jK,https://www.instagram.com/mynowphone.shop/p/DTp5774k3jK,1,"❝🌷🛣️ᯓ 𝐢𝐏𝐡𝐨𝐧𝐞 𝟏𝟒 𝐏𝐫𝐨𝐌𝐚𝐱 𝟏𝟐𝟖𝐆𝐁 𝐋𝐋 ꒱·🌳🍒✿. 𓈈🔖 ราคา : 𝟏𝟕,𝟗𝟗𝟎.- 🚏💖 ส่งฟรี ୨ৎ 🌟 วางดาวน์ : 𝟑,𝟗𝟎𝟎 ผ่อนต่อ 𝟐,𝟗𝟖𝟎*𝟏𝟎 เดือน🌟 ୨ৎ   𓏔"
107,DTnVcWCk5rk,https://www.instagram.com/mynowphone.shop/p/DTnVcWCk5rk,1,"❝🌷🛣️ᯓ 𝐢𝐏𝐡𝐨𝐧𝐞 𝟏𝟓 𝐏𝐫𝐨𝐌𝐚𝐱 𝟐𝟓𝟔𝐆𝐁 𝐋𝐋 ꒱·🌳🍒✿. 𓈈🔖 ราคา : 𝟐𝟎,𝟗𝟗𝟎.- 🚏💖 ส่งฟรี  𓏔🪞การใช้งานปกติทุกอย่าง 𓏔🎀สแกนหน้าได้ จอมีทรูโทน 𓏔🏁"
108,DTnKthsE3DQ,https://www.instagram.com/mynowphone.shop/p/DTnKthsE3DQ,1,"❝🌷🛣️ᯓ 𝐢𝐏𝐡𝐨𝐧𝐞 𝟏𝟒 𝟏𝟐𝟖𝐆𝐁 𝐋𝐋 ꒱·🌳🍒✿. 𓈈🔖 ราคา : 𝟏𝟑,𝟗𝟗𝟎.- 🚏💖 ส่งฟรี  𓏔🪞การใช้งานปกติทุกอย่าง 𓏔🎀สแกนหน้าได้ จอมีทรูโทน 𓏔🏁มือ 𝟐 ม"
109,DTnCRKrE2tO,https://www.instagram.com/mynowphone.shop/p/DTnCRKrE2tO,1,"❝🌷🛣️ᯓ 𝐢𝐏𝐡𝐨𝐧𝐞 𝟏𝟑 𝟏𝟐𝟖𝐆𝐁 𝐋𝐋 ꒱·🌳🍒✿. 𓈈🔖 ราคา : 𝟏𝟏,𝟓𝟓𝟎.- 🚏💖 ส่งฟรี  𓏔🪞การใช้งานปกติทุกอย่าง 𓏔🎀สแกนหน้าได้ จอมีทรูโทน 𓏔🏁มือ 𝟐 ม"
110,DTlBbK3E34f,https://www.instagram.com/mynowphone.shop/p/DTlBbK3E34f,1,"❝🌷🛣️ᯓ 𝐢𝐏𝐡𝐨𝐧𝐞 𝐗 𝟐𝟓𝟔𝐆𝐁 𝐓𝐇 ꒱·🌳🍒✿. 𓈈🔖 ราคา : 𝟔,𝟓𝟓𝟎.- 🚏💖 ส่งฟรี  𓏔🪞การใช้งานปกติทุกอย่าง 𓏔🎀สแกนหน้าได้ จอไม่มีทรูโทน 𓏔🏁มือ 𝟐 "
111,DTk-SQqE1ue,https://www.instagram.com/mynowphone.shop/p/DTk-SQqE1ue,1,"❝🌷🛣️ᯓ 𝐢𝐏𝐡𝐨𝐧𝐞 𝟏𝟓 𝟏𝟐𝟖𝐆𝐁 𝐋𝐋 ꒱·🌳🍒✿. 𓈈🔖 ราคา : 𝟏𝟒,𝟗𝟗𝟎.- 🚏💖 ส่งฟรี  𓏔🪞การใช้งานปกติทุกอย่าง 𓏔🎀สแกนหน้าได้ จอมีทรูโทน 𓏔🏁มือ 𝟐 ม"
112,DTk8lt_E6Wn,https://www.instagram.com/mynowphone.shop/p/DTk8lt_E6Wn,1,"❝🌷🛣️ᯓ 𝐢𝐏𝐡𝐨𝐧𝐞 𝟏𝟐 𝐏𝐫𝐨𝐌𝐚𝐱 𝟏𝟐𝟖𝐆𝐁 𝐋𝐋 ꒱·🌳🍒✿. 𓈈🔖 ราคา : 𝟏𝟎,𝟗𝟗𝟎.- 🚏💖 ส่งฟรี  𓏔🪞การใช้งานปกติทุกอย่าง 𓏔🎀สแกนหน้าได้ จอมีทรูโทน 𓏔🏁"
113,DTiSDCxEwAU,https://www.instagram.com/mynowphone.shop/p/DTiSDCxEwAU,1,"❝🌷🛣️ᯓ 𝐢𝐏𝐡𝐨𝐧𝐞 𝟏𝟑 𝐏𝐫𝐨 𝟐𝟓𝟔𝐆𝐁 𝐓𝐇 ꒱·🌳🍒✿. 𓈈🔖 ราคา : 𝟏𝟒,𝟗𝟗𝟎.- 🚏💖 ส่งฟรี ୨ৎ 🌟 วางดาวน์ : 𝟒,𝟗𝟎𝟎 ผ่อนต่อ 𝟐,𝟑𝟖𝟎*𝟏𝟎 เดือน🌟 ୨ৎ   𓏔🪞กา"
114,DTh-mYfk9AQ,https://www.instagram.com/mynowphone.shop/p/DTh-mYfk9AQ,1,"❝🌷🛣️ᯓ 𝐢𝐏𝐡𝐨𝐧𝐞 𝟏𝟓 𝐏𝐫𝐨 𝟐𝟓𝟔𝐆𝐁 𝐙𝐏 ꒱·🌳🍒✿. 𓈈🔖 ราคา : 𝟏𝟖,𝟗𝟗𝟎.- 🚏💖 ส่งฟรี  𓏔🪞การใช้งานปกติทุกอย่าง 𓏔🎀สแกนหน้าได้ จอมีทรูโทน 𓏔🏁มือ"
115,DThwjAJEwjl,https://www.instagram.com/mynowphone.shop/p/DThwjAJEwjl,1,"❝🌷🛣️ᯓ 𝐢𝐏𝐡𝐨𝐧𝐞 𝟏𝟔 𝐏𝐫𝐨 𝟐𝟓𝟔𝐆𝐁 𝐙𝐏/𝐀 ꒱·🌳🍒✿. 𓈈🔖 ราคา : 𝟐𝟗,𝟓𝟓𝟎.- 🚏💖 ส่งฟรี ୨ৎ 🌟 วางดาวน์ : 𝟕,𝟗𝟎𝟎 ผ่อนต่อ 𝟒,𝟒𝟖𝟎*𝟏𝟎 เดือน🌟 ୨ৎ   𓏔🪞"
116,DTcHACMk7JA,https://www.instagram.com/mynowphone.shop/p/DTcHACMk7JA,1,"❝🌷🛣️ᯓ 𝐢𝐏𝐡𝐨𝐧𝐞 𝟏𝟔 𝐏𝐫𝐨𝐌𝐚𝐱 𝟓𝟏𝟐𝐆𝐁 𝐙𝐏/𝐀 ꒱·🌳🍒✿. 𓈈🔖 ราคา : 𝟑𝟒,𝟗𝟗𝟎.- 🚏💖 ส่งฟรี ୨ৎ 🌟 วางดาวน์ : 𝟏𝟑,𝟗𝟔𝟎 ผ่อนต่อ 𝟑,𝟖𝟗𝟗*𝟏𝟐 เดือน🌟 ୨ৎ "
117,DTb5A66E23F,https://www.instagram.com/mynowphone.shop/p/DTb5A66E23F,1,"❝🌷🛣️ᯓ 𝐢𝐏𝐚𝐝 𝐆𝐞𝐧𝟗 𝟔𝟒𝐆𝐁 𝐓𝐇 𝐖𝐢𝐅𝐢 ꒱·🌳🍒✿. 𓈈🔖 ราคา : 𝟗,𝟗𝟗𝟎.- 🚏💖 ส่งฟรี ୨ৎ 🌟 วางดาวน์ : 𝟐,𝟓𝟐𝟎 ผ่อนต่อ 𝟏,𝟓𝟎𝟎*𝟏𝟐 เดือน🌟 ୨ৎ   𓏔🪞การ"
118,DTYHzNjE-76,https://www.instagram.com/mynowphone.shop/p/DTYHzNjE-76,1,"❝🌷🛣️ᯓ 𝐢𝐏𝐡𝐨𝐧𝐞 𝟏𝟓 𝟏𝟐𝟖𝐆𝐁 𝐋𝐋 ꒱·🌳🍒✿. 𓈈🔖 ราคา : 𝟏𝟓,𝟗𝟗𝟎.- 🚏💖 ส่งฟรี ୨ৎ 🌟 วางดาวน์ : 𝟐,𝟓𝟎𝟎 ผ่อนต่อ 𝟐,𝟐𝟔𝟎*𝟏𝟐 เดือน🌟 ୨ৎ   𓏔🪞การใช้"
119,DTYDlUSE1kp,https://www.instagram.com/mynowphone.shop/p/DTYDlUSE1kp,1,"❝🌷🛣️ᯓ 𝐢𝐏𝐡𝐨𝐧𝐞 𝟏𝟏 𝐏𝐫𝐨𝐌𝐚𝐱 𝟐𝟓𝟔𝐆𝐁 𝐓𝐇 ꒱·🌳🍒✿. 𓈈🔖 ราคา : 𝟏𝟎,𝟗𝟗𝟎.- 🚏💖 ส่งฟรี  𓏔🪞การใช้งานปกติทุกอย่าง 𓏔🎀สแกนหน้าได้ จอมีทรูโทน 𓏔🏁"
120,DTYAZyoE2SY,https://www.instagram.com/mynowphone.shop/p/DTYAZyoE2SY,1,"❝🌷🛣️ᯓ 𝐢𝐏𝐡𝐨𝐧𝐞 𝟏𝟒 𝟏𝟐𝟖𝐆𝐁 𝐋𝐋 ꒱·🌳🍒✿. 𓈈🔖 ราคา : 𝟏𝟑,𝟗𝟗𝟎.- 🚏💖 ส่งฟรี  𓏔🪞การใช้งานปกติทุกอย่าง 𓏔🎀สแกนหน้าได้ จอมีทรูโทน 𓏔🏁มือ 𝟐 ม"
121,DTXjEqCk1mV,https://www.instagram.com/mynowphone.shop/p/DTXjEqCk1mV,1,"❝🌷🛣️ᯓ 𝐢𝐏𝐡𝐨𝐧𝐞 𝟏𝟒 𝐏𝐫𝐨𝐌𝐚𝐱 𝟏𝟐𝟖𝐆𝐁 𝐋𝐋 ꒱·🌳🍒✿. 𓈈🔖 ราคา : 𝟏𝟕,𝟗𝟗𝟎.- 🚏💖 ส่งฟรี ୨ৎ 🌟 วางดาวน์ : 𝟑,𝟗𝟎𝟎 ผ่อนต่อ 𝟐,𝟔𝟒𝟎*𝟏𝟐 เดือน🌟 ୨ৎ   𓏔"
122,DTXeOUCk-tx,https://www.instagram.com/mynowphone.shop/p/DTXeOUCk-tx,1,"❝🌷🛣️ᯓ 𝐢𝐏𝐡𝐨𝐧𝐞 𝟔𝐬 𝟑𝟐𝐆𝐁 𝐋𝐋 ꒱·🌳🍒✿. 𓈈🔖 ราคา : 𝟏,𝟗𝟗𝟎.- 🚏💖 ส่งฟรี  𓏔🪞การใช้งานปกติทุกอย่าง 𓏔🎀สแกนนิ้วได้ ศึกษาก่อนสั่งซื้อ 𓏔🏁มื"
123,DTXYT2Ck9me,https://www.instagram.com/mynowphone.shop/p/DTXYT2Ck9me,1,"❝🌷🛣️ᯓ 𝐢𝐏𝐡𝐨𝐧𝐞 𝟕 𝐏𝐥𝐮𝐬 𝟑𝟐𝐆𝐁 𝐓𝐇 ꒱·🌳🍒✿. 𓈈🔖 ราคา : 𝟐,𝟗𝟗𝟎.- 🚏💖 ส่งฟรี ⚠️เครื่องบายพาสรีไม่ลบ⚠️  𓏔🪞การใช้งานปกติทุกอย่าง 𓏔🎀สแกนน"
124,DTUlrDCE-bt,https://www.instagram.com/mynowphone.shop/p/DTUlrDCE-bt,1,"❝🌷🛣️ᯓ 𝐢𝐏𝐡𝐨𝐧𝐞 𝟏𝟐 𝐏𝐫𝐨 𝟏𝟐𝟖𝐆𝐁 𝐂𝐇/𝐀 ꒱·🌳🍒✿. 𓈈🔖 ราคา : 𝟗,𝟗𝟗𝟎.- 🚏💖 ส่งฟรี ⚠️ มีตำหนิตามรูปไม่มีผลต่อการใช้งาน ⚠️  𓏔🪞การใช้งานปกต"
125,DTUffdjkz8o,https://www.instagram.com/mynowphone.shop/p/DTUffdjkz8o,1,"❝🌷🛣️ᯓ 𝐢𝐏𝐡𝐨𝐧𝐞 𝟏𝟓 𝐏𝐫𝐨 𝟏𝟐𝟖𝐆𝐁 𝐂𝐇/𝐀 ꒱·🌳🍒✿. 𓈈🔖 ราคา : 𝟏𝟕,𝟗𝟗𝟎.- 🚏💖 ส่งฟรี  𓏔🪞การใช้งานปกติทุกอย่าง 𓏔🎀สแกนหน้าได้ จอมีทรูโทน 𓏔🏁ม"
126,DTUSwLak6J-,https://www.instagram.com/mynowphone.shop/p/DTUSwLak6J-,1,"❝🌷🛣️ᯓ 𝐢𝐏𝐡𝐨𝐧𝐞 𝟖 𝟔𝟒𝐆𝐁 𝐋𝐋 ꒱·🌳🍒✿. 𓈈🔖 ราคา : 𝟐,𝟓𝟎𝟎.- 🚏💖 ส่งฟรี  𓏔🪞การใช้งานปกติทุกอย่าง 𓏔⚠️ไม่สแกนนิ้ว จอไม่มีทรูโทน 𓏔🏁มือ 𝟐 "
127,DTPnGVtEz-J,https://www.instagram.com/mynowphone.shop/p/DTPnGVtEz-J,1,"❝🌷🛣️ᯓ 𝐢𝐏𝐚𝐝 𝐀𝐢𝐫𝟒 𝟔𝟒𝐆𝐁 𝐓𝐇 𝐰𝐢𝐟𝐢 ꒱·🌳🍒✿. 𓈈🔖 ราคา :  𝟏𝟏,𝟗𝟗𝟎.- 🚏💖 ส่งฟรี  𓏔🪞การใช้งานปกติทุกอย่าง 𓏔🎀สแกนนิ้วได้ จอมีทรูโทน 𓏔🏁มื"
128,DTPVn7uk2-e,https://www.instagram.com/mynowphone.shop/p/DTPVn7uk2-e,1,"❝🌷🛣️ᯓ 𝐢𝐏𝐡𝐨𝐧𝐞 𝟏𝟒 𝐏𝐫𝐨𝐌𝐚𝐱 𝟏𝟐𝟖𝐆𝐁 𝐋𝐋 ꒱·🌳🍒✿. 𓈈🔖 ราคา : 𝟏𝟕,𝟗𝟗𝟎.- 🚏💖 ส่งฟรี  𓏔🪞การใช้งานปกติทุกอย่าง 𓏔🎀สแกนหน้าได้ จอมีทรูโทน 𓏔🏁"
129,DTO4YVtk3sF,https://www.instagram.com/mynowphone.shop/p/DTO4YVtk3sF,1,"❝🌷🛣️ᯓ 𝐢𝐏𝐡𝐨𝐧𝐞 𝟏𝟐 𝐏𝐫𝐨𝐌𝐚𝐱 โมเดลนอก ꒱·🌳🍒✿. 𓈈🔖 ราคา : 𝟏𝟐𝟖𝐆𝐁 𝟏𝟎,𝟗𝟗𝟎.- | 𝟐𝟓𝟔𝐆𝐁 𝟏𝟐,𝟓𝟓𝟎.- 🚏💖 ส่งฟรี  𓏔🪞การใช้งานปกติทุกอย่าง 𓏔🎀สแ"
130,DTN9Q1Zkw9U,https://www.instagram.com/mynowphone.shop/p/DTN9Q1Zkw9U,1,"❝🌷🛣️ᯓ 𝐢𝐏𝐡𝐨𝐧𝐞 𝐗𝐫 𝟔𝟒𝐆𝐁 𝐓𝐇 ꒱·🌳🍒✿. 𓈈🔖 ราคา : 𝟔,𝟗𝟗𝟎.- 🚏💖 ส่งฟรี  𓏔🪞การใช้งานปกติทุกอย่าง 𓏔🎀สแกนหน้าได้ จอมีทรูโทน 𓏔🏁มือ 𝟐 มีร"
131,DTN7oaUkwbR,https://www.instagram.com/mynowphone.shop/p/DTN7oaUkwbR,1,"❝🌷🛣️ᯓ 𝐢𝐏𝐡𝐨𝐧𝐞 𝟏𝟏 โมเดลไทย ꒱·🌳🍒✿. 𓈈🔖 ราคา : 𝟔𝟒𝐆𝐁 𝟔,𝟗𝟗𝟎 𝟕,𝟗𝟗𝟎 | 𝟏𝟐𝟖𝐆𝐁 𝟕,𝟗𝟗𝟎.- 🚏💖 ส่งฟรี  𓏔🪞การใช้งานปกติทุกอย่าง 𓏔🎀สแกนหน้า"
132,DTN5zhUk8qA,https://www.instagram.com/mynowphone.shop/p/DTN5zhUk8qA,1,"❝🌷🛣️ᯓ 𝐢𝐏𝐡𝐨𝐧𝐞 𝟏𝟑 𝐏𝐫𝐨𝐌𝐚𝐱 𝟏𝟐𝟖𝐆𝐁 โมเดลนอก ꒱·🌳🍒✿. 𓈈🔖 ราคา : 𝟏𝟒,𝟗𝟗𝟎.- 🚏💖 ส่งฟรี  𓏔🪞การใช้งานปกติทุกอย่าง 𓏔🎀สแกนหน้าได้ จอมีทรู"
133,DTNoEcfEw0H,https://www.instagram.com/mynowphone.shop/p/DTNoEcfEw0H,1,"❝🌷🛣️ᯓ 𝐢𝐏𝐡𝐨𝐧𝐞 𝟏𝟏 𝐏𝐫𝐨 𝟐𝟓𝟔𝐆𝐁 𝐓𝐇 ꒱·🌳🍒✿. 𓈈🔖 ราคา : 𝟗,𝟑𝟓𝟎.- 🚏💖 ส่งฟรี  𓏔🪞การใช้งานปกติทุกอย่าง 𓏔🎀สแกนหน้าได้ จอมีทรูโทน 𓏔🏁มือ "
134,DTNYkLxkzy0,https://www.instagram.com/mynowphone.shop/p/DTNYkLxkzy0,1,"❝🌷🛣️ᯓ 𝐢𝐏𝐡𝐨𝐧𝐞 𝟏𝟓 𝐏𝐥𝐮𝐬 𝟏𝟐𝟖𝐆𝐁 โมเดลนอก ꒱·🌳🍒✿. 𓈈🔖 ราคา : 𝟏𝟓,𝟗𝟗𝟎.- 🚏💖 ส่งฟรี ୨ৎ 🌟 วางดาวน์ : 𝟑,𝟓𝟎𝟎 ผ่อนต่อ 𝟐,𝟗𝟗𝟎*𝟏𝟎 เดือน🌟 ୨ৎ"
135,DTM_mzdExDB,https://www.instagram.com/mynowphone.shop/p/DTM_mzdExDB,1,"❝🌷🛣️ᯓ 𝐢𝐏𝐡𝐨𝐧𝐞 𝟏𝟔 𝟏𝟐𝟖𝐆𝐁 โมเดลนอก ꒱·🌳🍒✿. 𓈈🔖 ราคา : 𝟏𝟗,𝟗𝟗𝟎.- 🚏💖 ส่งฟรี ୨ৎ 🌟 วางดาวน์ : 𝟒,𝟗𝟗𝟎 ผ่อนต่อ 𝟑,𝟎𝟖𝟎*𝟏𝟎 เดือน🌟 ୨ৎ   𓏔🪞"
136,DTLYM8BE6fi,https://www.instagram.com/mynowphone.shop/p/DTLYM8BE6fi,1,"❝🌷🛣️ᯓ 𝐢𝐏𝐡𝐨𝐧𝐞 𝟏𝟓 𝐏𝐫𝐨 𝟏𝟐𝟖𝐆𝐁 𝐋𝐋 ꒱·🌳🍒✿. 𓈈🔖 ราคา : 𝟏𝟕,𝟗𝟗𝟎.- 🚏💖 ส่งฟรี ୨ৎ 🌟 วางดาวน์ : 𝟑,𝟗𝟎𝟎 ผ่อนต่อ 𝟑,𝟑𝟖𝟎*𝟏𝟎 เดือน🌟 ୨ৎ   𓏔🪞กา"
137,DTLT_spk-Ut,https://www.instagram.com/mynowphone.shop/p/DTLT_spk-Ut,1,"❝🌷🛣️ᯓ 𝐢𝐏𝐡𝐨𝐧𝐞 𝟏𝟒 𝐏𝐫𝐨 𝟏𝟐𝟖𝐆𝐁 โมเดลนอก ꒱·🌳🍒✿. 𓈈🔖 ราคา : 𝟏𝟓,𝟗𝟗𝟎.- 🚏💖 ส่งฟรี ୨ৎ 🌟 วางดาวน์ : 𝟑,𝟗𝟎𝟎 ผ่อนต่อ 𝟐,𝟗𝟒𝟎*𝟏𝟎 เดือน🌟 ୨ৎ "
138,DTLRCNBE4sq,https://www.instagram.com/mynowphone.shop/p/DTLRCNBE4sq,1,"❝🌷🛣️ᯓ 𝐢𝐏𝐡𝐨𝐧𝐞 𝟏𝟑 𝐏𝐫𝐨 𝟏𝟐𝟖𝐆𝐁 𝐋𝐋 ꒱·🌳🍒✿. 𓈈🔖 ราคา : 𝟏𝟑,𝟗𝟗𝟎.- 🚏💖 ส่งฟรี ୨ৎ 🌟 วางดาวน์ : 𝟑,𝟓𝟎𝟎 ผ่อนต่อ 𝟐,𝟐𝟒𝟎*𝟏𝟎 เดือน🌟 ୨ৎ   𓏔🪞กา"
139,DTKemjdkxZW,https://www.instagram.com/mynowphone.shop/p/DTKemjdkxZW,1,"❝🌷🛣️ᯓ 𝐢𝐏𝐡𝐨𝐧𝐞 𝟏𝟓 𝐏𝐫𝐨𝐌𝐚𝐱 𝟐𝟓𝟔𝐆𝐁 𝐋𝐋 ꒱·🌳🍒✿. 𓈈🔖 ราคา : 𝟏𝟗,𝟗𝟗𝟎.- 🚏💖 ส่งฟรี ୨ৎ 🌟 วางดาวน์ : 𝟒,𝟗𝟗𝟎 ผ่อนต่อ 𝟑,𝟐𝟒𝟎*𝟏𝟐 เดือน🌟 ୨ৎ   𓏔"
140,DTKLtKZk0HR,https://www.instagram.com/mynowphone.shop/p/DTKLtKZk0HR,1,"❝🌷🛣️ᯓ 𝐢𝐏𝐡𝐨𝐧𝐞 𝟏𝟐 𝐏𝐫𝐨𝐌𝐚𝐱 โมเดลนอก ꒱·🌳🍒✿. 𓈈🔖 ราคา : 𝟏𝟐𝟖𝐆𝐁 𝟏𝟎,𝟗𝟗𝟎 | 𝟐𝟓𝟔𝐆𝐁 𝟏𝟐,𝟓𝟓𝟎.- 🚏💖 ส่งฟรี  ୨ৎ 🌟 𝟏𝟐𝟖𝐆𝐁 วางดาวน์ : 𝟑,𝟗𝟗𝟎 ผ่"
141,DTJwv8Uk5d4,https://www.instagram.com/mynowphone.shop/p/DTJwv8Uk5d4,1,"❝🌷🛣️ᯓ 𝐢𝐏𝐡𝐨𝐧𝐞 𝟏𝟒 𝐏𝐫𝐨𝐌𝐚𝐱 𝟏𝟐𝟖𝐆𝐁 𝐋𝐋 ꒱·🌳🍒✿. 𓈈🔖 ราคา : 𝟏𝟕,𝟓𝟓𝟎.- 🚏💖 ส่งฟรี ୨ৎ 🌟 วางดาวน์ : 𝟑,𝟗𝟗𝟎 ผ่อนต่อ 𝟐,𝟔𝟐𝟎*𝟏𝟐 เดือน🌟 ୨ৎ   𓏔"
142,DTIuXUZExSP,https://www.instagram.com/mynowphone.shop/p/DTIuXUZExSP,1,"❝🌷🛣️ᯓ 𝐢𝐏𝐡𝐨𝐧𝐞 𝐗𝐫 𝟔𝟒𝐆𝐁 𝐓𝐇 ꒱·🌳🍒✿. 𓈈🔖 ราคา : 𝟔,𝟗𝟗𝟎.- 🚏💖 ส่งฟรี  𓏔🪞การใช้งานปกติทุกอย่าง 𓏔🎀สแกนหน้าได้ จอมีทรูโทน 𓏔🏁มือ 𝟐 มีร"
143,DTIqVn7k4DU,https://www.instagram.com/mynowphone.shop/p/DTIqVn7k4DU,1,"❝🌷🛣️ᯓ 𝐢𝐏𝐡𝐨𝐧𝐞 𝟏𝟐 𝐏𝐫𝐨 𝟏𝟐𝟖𝐆𝐁 𝐋𝐋 ꒱·🌳🍒✿. 𓈈🔖 ราคา : 𝟏𝟏,𝟓𝟓𝟎.- 🚏💖 ส่งฟรี ୨ৎ 🌟 วางดาวน์ : 𝟐,𝟓𝟓𝟎 ผ่อนต่อ 𝟏,𝟐𝟓𝟎*𝟏𝟎 เดือน🌟 ୨ৎ   𓏔🪞กา"
144,DTHhmaUE-oF,https://www.instagram.com/mynowphone.shop/p/DTHhmaUE-oF,1,"❝🌷🛣️ᯓ 𝐢𝐏𝐡𝐨𝐧𝐞 𝟏𝟓 𝐏𝐥𝐮𝐬 𝟏𝟐𝟖𝐆𝐁 𝐋𝐋 ꒱·🌳🍒✿. 𓈈🔖 ราคา : 𝟏𝟓,𝟗𝟗𝟎.- 🚏💖 ส่งฟรี ୨ৎ 🌟 วางดาวน์ : 𝟒,𝟗𝟗𝟎 ผ่อนต่อ 𝟐,𝟐𝟒𝟎*𝟏𝟐 เดือน🌟 ୨ৎ   𓏔🪞ก"
145,DTHfjTDk9T3,https://www.instagram.com/mynowphone.shop/p/DTHfjTDk9T3,1,"❝🌷🛣️ᯓ 𝐢𝐏𝐡𝐨𝐧𝐞 𝟏𝟑 𝐏𝐫𝐨𝐌𝐚𝐱 𝟏𝟐𝟖𝐆𝐁 𝐋𝐋 ꒱·🌳🍒✿. 𓈈🔖 ราคา : 𝟏𝟒,𝟗𝟗𝟎.- 🚏💖 ส่งฟรี ୨ৎ 🌟 วางดาวน์ : 𝟑,𝟗𝟗𝟎 ผ่อนต่อ 𝟏,𝟖𝟕𝟎*𝟏𝟐 เดือน🌟 ୨ৎ   𓏔"
146,DTHczNAE3da,https://www.instagram.com/mynowphone.shop/p/DTHczNAE3da,1,"❝🌷🛣️ᯓ 𝐢𝐏𝐡𝐨𝐧𝐞 𝟏𝟒 𝐏𝐥𝐮𝐬 𝟏𝟐𝟖𝐆𝐁 𝐋𝐋 ꒱·🌳🍒✿. 𓈈🔖 ราคา : 𝟏𝟑,𝟗𝟗𝟎.- 🚏💖 ส่งฟรี ୨ৎ 🌟 วางดาวน์ : 𝟑,𝟗𝟗𝟎 ผ่อนต่อ 𝟏,𝟖𝟕𝟎*𝟏𝟐 เดือน🌟 ୨ৎ   𓏔🪞ก"
147,DTGMtLqkzoz,https://www.instagram.com/mynowphone.shop/p/DTGMtLqkzoz,1,"❝🌷🛣️ᯓ 𝐢𝐏𝐡𝐨𝐧𝐞 𝟏𝟔 𝐏𝐥𝐮𝐬 𝟏𝟐𝟖𝐆𝐁 𝐋𝐋 ꒱·🌳🍒✿. 𓈈🔖 ราคา : 𝟏𝟗,𝟗𝟗𝟎.- 🚏💖 ส่งฟรี ୨ৎ 🌟 วางดาวน์ : 𝟓,𝟗𝟗𝟎 ผ่อนต่อ 𝟐,𝟕𝟒𝟎*𝟏𝟐 เดือน🌟 ୨ৎ   𓏔🪞ก"
148,DTGKiALk6b9,https://www.instagram.com/mynowphone.shop/p/DTGKiALk6b9,1,"❝🌷🛣️ᯓ 𝐢𝐏𝐡𝐨𝐧𝐞 𝟏𝟔 𝐏𝐫𝐨𝐌𝐚𝐱 𝟐𝟓𝟔𝐆𝐁 𝐋𝐋 ꒱·🌳🍒✿. 𓈈🔖 ราคา : 𝟐𝟑,𝟓𝟓𝟎.- 🚏💖 ส่งฟรี ୨ৎ 🌟 วางดาวน์ : 𝟔,𝟗𝟗𝟎 ผ่อนต่อ 𝟑,𝟗𝟗𝟎*𝟏𝟐 เดือน🌟 ୨ৎ   𓏔"
149,DTFuX7Dk0NE,https://www.instagram.com/mynowphone.shop/p/DTFuX7Dk0NE,1,"❝🌷🛣️ᯓ 𝐢𝐏𝐡𝐨𝐧𝐞 𝟏𝟑 𝟐𝟓𝟔𝐆𝐁 𝐂𝐇 ꒱·🌳🍒✿. 𓈈🔖 ราคา : 𝟏𝟏,𝟗𝟗𝟎.- 🚏💖 ส่งฟรี ୨ৎ 🌟 วางดาวน์ : 𝟑,𝟗𝟗𝟎 ผ่อนต่อ 𝟏,𝟓𝟎𝟎*𝟏𝟐 เดือน🌟 ୨ৎ   𓏔🪞การใช้"
150,DTDLFFdk3PI,https://www.instagram.com/mynowphone.shop/p/DTDLFFdk3PI,1,"❝🌷🛣️ᯓ 𝐢𝐏𝐡𝐨𝐧𝐞 𝟕 𝟑𝟐𝐆𝐁 𝐓𝐇 ꒱·🌳🍒✿. 𓈈🔖 ราคา : 𝟑,𝟗𝟗𝟎.- 🚏💖 ส่งฟรี  𓏔🪞การใช้งานปกติทุกอย่าง 𓏔🎀สแกนนิ้วได้ อัพ iOS ต่อไม่ได้ 𓏔🏁มือ"
151,DTC0LZDk5wk,https://www.instagram.com/mynowphone.shop/p/DTC0LZDk5wk,1,"❝🌷🛣️ᯓ 𝐢𝐏𝐡𝐨𝐧𝐞 𝟔 𝐏𝐥𝐮𝐬 𝟏𝟔𝐆𝐁 𝐓𝐇 ꒱·🌳🍒✿. 𓈈🔖 ราคา : 𝟏,𝟗𝟗𝟎.- 🚏💖 ส่งฟรี  𓏔🪞การใช้งานปกติทุกอย่าง 𓏔⚠️ไม่สแกนนิ้ว ศึกษาก่อนสั่งซื้อ"
152,DTCgHPPk7_j,https://www.instagram.com/mynowphone.shop/p/DTCgHPPk7_j,1,"❝🌷🛣️ᯓ 𝐢𝐏𝐡𝐨𝐧𝐞 𝟏𝟒 𝐏𝐫𝐨𝐌𝐚𝐱 𝟏𝟐𝟖𝐆𝐁 𝐋𝐋 ꒱·🌳🍒✿. 𓈈🔖 ราคา : 𝟏𝟕,𝟗𝟗𝟎.- 🚏💖 ส่งฟรี ୨ৎ 🌟 วางดาวน์ : 𝟐,𝟗𝟎𝟎 ผ่อนต่อ 𝟐,𝟔𝟐𝟎*𝟏𝟎 เดือน🌟 ୨ৎ   𓏔"
153,DTAfTCWk8Ue,https://www.instagram.com/mynowphone.shop/p/DTAfTCWk8Ue,1,"❝🌷🛣️ᯓ 𝐢𝐏𝐡𝐨𝐧𝐞 𝐗𝐒 𝟐𝟓𝟔𝐆𝐁 𝐋𝐋 ꒱·🌳🍒✿. 𓈈🔖 ราคา : 𝟒,𝟓𝟓𝟎.- 🚏💖 ส่งฟรี  𓏔🪞การใช้งานปกติทุกอย่าง 𓏔⚠️ไม่สแกนหน้า จอไม่มีทรูโทน 𓏔🏁มือ "
154,DTAOof0kwQn,https://www.instagram.com/mynowphone.shop/p/DTAOof0kwQn,1,"❝🌷🛣️ᯓ 𝐢𝐏𝐡𝐨𝐧𝐞 𝟏𝟓 𝐏𝐫𝐨𝐌𝐚𝐱 𝟐𝟓𝟔 𝐋𝐋 ꒱·🌳🍒✿. 𓈈🔖 ราคา : 𝟐𝟏,𝟓𝟓𝟎.- 🚏💖 ส่งฟรี ୨ৎ 🌟 วางดาวน์ : 𝟐,𝟗𝟎𝟎 ผ่อนต่อ 𝟑,𝟐𝟒𝟎*𝟏𝟎 เดือน🌟 ୨ৎ   𓏔🪞ก"
155,DS_4QMdEzEL,https://www.instagram.com/mynowphone.shop/p/DS_4QMdEzEL,1,"❝🌷🛣️ᯓ 𝐢𝐏𝐡𝐨𝐧𝐞 𝟏𝟒 𝟏𝟐𝟖𝐆𝐁 𝐂𝐇 ꒱·🌳🍒✿. 𓈈🔖 ราคา : 𝟏𝟑,𝟗𝟗𝟎.- 🚏💖 ส่งฟรี ୨ৎ 🌟 วางดาวน์ : 𝟏,𝟗𝟗𝟎 ผ่อนต่อ𝟏,𝟖𝟗𝟎*𝟏𝟐 เดือน🌟 ୨ৎ   𓏔🪞การใช้ง"
156,DS9Xmvyk2gN,https://www.instagram.com/mynowphone.shop/p/DS9Xmvyk2gN,1,"❝🌷🛣️ᯓ 𝐢𝐏𝐡𝐨𝐧𝐞 𝟏𝟒 𝐏𝐫𝐨 𝟏𝟐𝟖𝐆𝐁 𝐋𝐋 ꒱·🌳🍒✿. 𓈈🔖 ราคา : 𝟏𝟓,𝟗𝟗𝟎.- 🚏💖 ส่งฟรี ୨ৎ 🌟 วางดาวน์ : 𝟐,𝟓𝟎𝟎 ผ่อนต่อ 𝟐,𝟔𝟐𝟎*𝟏𝟎 เดือน🌟 ୨ৎ   𓏔🪞กา"
157,DS5OGoFE-us,https://www.instagram.com/mynowphone.shop/p/DS5OGoFE-us,1,"❝🌷🛣️ᯓ 𝐢𝐏𝐡𝐨𝐧𝐞 𝟏𝟏 𝟏𝟐𝟖𝐆𝐁 𝐓𝐇 ꒱·🌳🍒✿. 𓈈🔖 ราคา : 𝟕,𝟗𝟗𝟎.- 🚏💖 ส่งฟรี  𓏔🪞การใช้งานปกติทุกอย่าง 𓏔🎀สแกนหน้าได้ จอมีทรูโทน 𓏔🏁มือ 𝟐 มี"
158,DS5GyB-E8pW,https://www.instagram.com/mynowphone.shop/p/DS5GyB-E8pW,1,"❝🌷🛣️ᯓ 𝐢𝐏𝐡𝐨𝐧𝐞 𝟏𝟒 𝐏𝐫𝐨𝐌𝐚𝐱 𝟏𝟐𝟖𝐆𝐁 𝐋𝐋 ꒱·🌳🍒✿. 𓈈🔖 ราคา : 𝟏𝟕,𝟓𝟓𝟎.- 🚏💖 ส่งฟรี  𓏔🪞การใช้งานปกติทุกอย่าง 𓏔🎀สแกนหน้าได้ จอมีทรูโทน 𓏔🏁"
159,DS5AJ3Kk-3i,https://www.instagram.com/mynowphone.shop/p/DS5AJ3Kk-3i,1,"❝🌷🛣️ᯓ 𝐢𝐏𝐚𝐝 𝐆𝐞𝐧𝟏𝟏 𝟏𝟐𝟖𝐆𝐁 𝐓𝐇 ꒱·🌳🍒✿. 𓈈🔖 ราคา :  𝟏𝟏,𝟗𝟗𝟎.- 🚏💖 ส่งฟรี ୨ৎ 🌟 วางดาวน์ : 𝟑,𝟓𝟎𝟎 ผ่อนต่อ 𝟏,𝟗𝟔𝟎*𝟏𝟎 เดือน🌟 ୨ৎ   𓏔🪞การใ"
160,DS4FuwXkx5m,https://www.instagram.com/mynowphone.shop/p/DS4FuwXkx5m,1,"❝🌷🛣️ᯓ 𝐢𝐏𝐡𝐨𝐧𝐞 𝟏𝟒 𝐏𝐥𝐮𝐬 𝟏𝟐𝟖𝐆𝐁 𝐋𝐋 ꒱·🌳🍒✿. 𓈈🔖 ราคา : 𝟏𝟑,𝟗𝟗𝟎.- 🚏💖 ส่งฟรี ୨ৎ 🌟 วางดาวน์ : 𝟐𝟓𝟓𝟎 ผ่อนต่อ 𝟐,𝟐𝟓𝟎*𝟏𝟎 เดือน🌟 ୨ৎ   𓏔🪞กา"
161,DS4CGhtkziH,https://www.instagram.com/mynowphone.shop/p/DS4CGhtkziH,1,"❝🌷🛣️ᯓ 𝐢𝐏𝐡𝐨𝐧𝐞 𝟏𝟓 𝐏𝐫𝐨 𝟏𝟐𝟖𝐆𝐁 𝐋𝐋 ꒱·🌳🍒✿. 𓈈🔖 ราคา : 𝟏𝟗,𝟗𝟗𝟎.- 🚏💖 ส่งฟรี ୨ৎ 🌟 วางดาวน์ : 𝟑,𝟓𝟎𝟎 ผ่อนต่อ 𝟐,𝟗𝟖𝟎*𝟏𝟎 เดือน🌟 ୨ৎ   𓏔🪞กา"
162,DS2AHnXExVn,https://www.instagram.com/mynowphone.shop/p/DS2AHnXExVn,1,"❝🌷🛣️ᯓ 𝐢𝐏𝐡𝐨𝐧𝐞 𝟏𝟏 𝐏𝐫𝐨 𝟐𝟓𝟔𝐆𝐁 𝐓𝐇 ꒱·🌳🍒✿. 𓈈🔖 ราคา : 𝟗,𝟑𝟓𝟎.- 🚏💖 ส่งฟรี  𓏔🪞การใช้งานปกติทุกอย่าง 𓏔🎀สแกนหน้าได้ จอมีทรูโทน 𓏔🏁มือ "
163,DS1z43JkySD,https://www.instagram.com/mynowphone.shop/p/DS1z43JkySD,1,"❝🌷🛣️ᯓ 𝐢𝐏𝐡𝐨𝐧𝐞 𝟏𝟑 𝟏𝟐𝟖𝐆𝐁 𝐂𝐇 ꒱·🌳🍒✿. 𓈈🔖 ราคา : 𝟏𝟎,𝟗𝟗𝟎 .- 🚏💖 ส่งฟรี  𓏔🪞การใช้งานปกติทุกอย่าง 𓏔🎀สแกนหน้าได้ จอมีทรูโทน 𓏔🏁มือ 𝟐 "
164,DS1xORlE3rf,https://www.instagram.com/mynowphone.shop/p/DS1xORlE3rf,1,"❝🌷🛣️ᯓ 𝐢𝐏𝐡𝐨𝐧𝐞 𝟏𝟑 𝐏𝐫𝐨 𝟏𝟐𝟖𝐆𝐁 𝐂𝐇 ꒱·🌳🍒✿. 𓈈🔖 ราคา : 𝟏𝟑,𝟓𝟓𝟎.- 🚏💖 ส่งฟรี  𓏔🪞การใช้งานปกติทุกอย่าง 𓏔🎀สแกนหน้าได้ จอมีทรูโทน 𓏔🏁มือ"
165,DS0I-kPE90h,https://www.instagram.com/mynowphone.shop/p/DS0I-kPE90h,1,"❝🌷🛣️ᯓ 𝐢𝐏𝐡𝐨𝐧𝐞 𝟏𝟑 𝐏𝐫𝐨𝐌𝐚𝐱 𝟏𝟐𝟖𝐆𝐁 𝐋𝐋 ꒱·🌳🍒✿. 𓈈🔖 ราคา : 𝟏𝟒,𝟗𝟗𝟎.- 🚏💖 ส่งฟรี ୨ৎ 🌟 วางดาวน์ : 𝟐,𝟗𝟎𝟎 ผ่อนต่อ 𝟏,𝟖𝟕𝟎*𝟏𝟎 เดือน🌟 ୨ৎ   𓏔"
166,DSzd4OaE5ZA,https://www.instagram.com/mynowphone.shop/p/DSzd4OaE5ZA,1,"❝🌷🛣️ᯓ 𝐢𝐏𝐡𝐨𝐧𝐞 𝟏𝟐 𝟏𝟐𝟖𝐆𝐁 𝐋𝐋 ꒱·🌳🍒✿. 𓈈🔖 ราคา : 𝟗,𝟑𝟓𝟎.- 🚏💖 ส่งฟรี ୨ৎ 🌟 วางดาวน์ : 𝟏,𝟓𝟎𝟎 ผ่อนต่อ 𝟏,𝟏𝟐𝟎*𝟏𝟎 เดือน🌟 ୨ৎ   𓏔🪞การใช้ง"
167,DSzFK4NE8Tq,https://www.instagram.com/mynowphone.shop/p/DSzFK4NE8Tq,1,"❝🌷🛣️ᯓ 𝐢𝐏𝐡𝐨𝐧𝐞 𝟏𝟓 𝐏𝐥𝐮𝐬 𝟏𝟐𝟖𝐆𝐁 𝐋𝐋 ꒱·🌳🍒✿. 𓈈🔖 ราคา : 𝟏𝟓,𝟗𝟗𝟎.- 🚏💖 ส่งฟรี ୨ৎ 🌟 วางดาวน์ : 𝟐,𝟗𝟎𝟎 ผ่อนต่อ 𝟐,𝟐𝟓𝟎*𝟏𝟎 เดือน🌟 ୨ৎ   𓏔🪞ก"
168,DSuQXynkxA6,https://www.instagram.com/mynowphone.shop/p/DSuQXynkxA6,1,"❝🌷🛣️ᯓ 𝐢𝐏𝐡𝐨𝐧𝐞 𝟏𝟐 𝐏𝐫𝐨𝐌𝐚𝐱 𝟏𝟐𝟖𝐆𝐁 โมเดลนอก ꒱·🌳🍒✿. 𓈈🔖 ราคา : 𝟏𝟐,𝟓𝟓𝟎.- 🚏💖 ส่งฟรี ୨ৎ 🌟 วางดาวน์ : 𝟐,𝟎𝟎𝟎 ผ่อนต่อ 𝟐,𝟐𝟒𝟎*𝟏𝟎 เดือน🌟 "
169,DSuBdaFk_DD,https://www.instagram.com/mynowphone.shop/p/DSuBdaFk_DD,1,"❝🌷🛣️ᯓ 𝐢𝐏𝐡𝐨𝐧𝐞 𝟏𝟓 𝐏𝐫𝐨 𝟏𝟐𝟖𝐆𝐁 𝐋𝐋 ꒱·🌳🍒✿. 𓈈🔖 ราคา : 𝟏𝟗,𝟗𝟗𝟎.- 🚏💖 ส่งฟรี ୨ৎ 🌟 วางดาวน์ : 𝟐,𝟓𝟓𝟎 ผ่อนต่อ 𝟑,𝟔𝟒𝟎*𝟏𝟎 เดือน🌟 ୨ৎ   𓏔🪞กา"
170,DSt4q6oE0QD,https://www.instagram.com/mynowphone.shop/p/DSt4q6oE0QD,1,"❝🌷🛣️ᯓ 𝐢𝐏𝐡𝐨𝐧𝐞 𝟏𝟔 𝐏𝐫𝐨𝐌𝐚𝐱 𝟐𝟓𝟔𝐆𝐁 𝐋𝐋 ꒱·🌳🍒✿. 𓈈🔖 ราคา : 𝟐𝟏,𝟗𝟗𝟎.- 🚏💖 ส่งฟรี  𓏔🪞การใช้งานปกติทุกอย่าง 𓏔🎀สแกนหน้าได้ จอมีทรูโทน 𓏔🏁"
171,DSpaei3k_tN,https://www.instagram.com/mynowphone.shop/p/DSpaei3k_tN,1,"❝🌷🛣️ᯓ 𝐢𝐏𝐡𝐨𝐧𝐞 𝟏𝟓 𝐏𝐫𝐨𝐌𝐚𝐱 𝟐𝟓𝟔𝐆𝐁 𝐋𝐋 ꒱·🌳🍒✿. 𓈈🔖 ราคา : 𝟏𝟗,𝟗𝟗𝟎.- 🚏💖 ส่งฟรี  𓏔🪞การใช้งานปกติทุกอย่าง 𓏔🎀สแกนหน้าได้ จอมีทรูโทน 𓏔🏁"
172,DSpDZYbEw_e,https://www.instagram.com/mynowphone.shop/p/DSpDZYbEw_e,1,"❝🌷🛣️ᯓ 𝐢𝐏𝐡𝐨𝐧𝐞 𝟏𝟒 𝐏𝐫𝐨 𝟏𝟐𝟖𝐆𝐁 𝐋𝐋 ꒱·🌳🍒✿. 𓈈🔖 ราคา : 𝟏𝟒,𝟗𝟗𝟎.- 🚏💖 ส่งฟรี  𓏔🪞การใช้งานปกติทุกอย่าง 𓏔🎀สแกนหน้าได้ จอมีทรูโทน 𓏔🏁มือ"
173,DSo7l_BEwyW,https://www.instagram.com/mynowphone.shop/p/DSo7l_BEwyW,1,"❝🌷🛣️ᯓ 𝐢𝐏𝐡𝐨𝐧𝐞 𝟏𝟑 𝐏𝐫𝐨𝐌𝐚𝐱 𝟏𝟐𝟖𝐆𝐁 𝐋𝐋 ꒱·🌳🍒✿. 𓈈🔖 ราคา : 𝟏𝟒,𝟗𝟗𝟎.- 🚏💖 ส่งฟรี  𓏔🪞การใช้งานปกติทุกอย่าง 𓏔🎀สแกนหน้าได้ จอมีทรูโทน 𓏔🏁"
174,DSj6VVQkyKI,https://www.instagram.com/mynowphone.shop/p/DSj6VVQkyKI,1,"❝🌷🛣️ᯓ 𝐢𝐏𝐡𝐨𝐧𝐞 𝐗𝐒 𝟔𝟒𝐆𝐁 𝐋𝐋 ꒱·🌳🍒✿. 𓈈🔖 ราคา : 𝟒,𝟗𝟗𝟎.- 🚏💖 ส่งฟรี  𓏔🪞การใช้งานปกติทุกอย่าง 𓏔⚠️ไม่สแกนหน้า จอมีทรูโทน 𓏔🏁มือ 𝟐 มี"
175,DSjyzLbEw0c,https://www.instagram.com/mynowphone.shop/p/DSjyzLbEw0c,1,"❝🌷🛣️ᯓ 𝐢𝐏𝐡𝐨𝐧𝐞 𝟖 𝟔𝟒𝐆𝐁 𝐋𝐋 ꒱·🌳🍒✿. 𓈈🔖 ราคา : 𝟐,𝟓𝟓𝟎.- 🚏💖 ส่งฟรี  𓏔🪞การใช้งานปกติทุกอย่าง 𓏔⚠️ไม่สแกนนิ้ว จอไม่มีทรูโทน 𓏔🏁มือ 𝟐 "
176,DSjrjnSk7wW,https://www.instagram.com/mynowphone.shop/p/DSjrjnSk7wW,1,"❝🌷🛣️ᯓ 𝐢𝐏𝐚𝐝 𝐆𝐞𝐧𝟏𝟎 𝟔𝟒𝐆𝐁 𝐓𝐇 𝐖𝐢𝐅𝐢 ꒱·🌳🍒✿. 𓈈🔖 ราคา :  𝟏𝟎,𝟓𝟓𝟎.- 🚏💖 ส่งฟรี ୨ৎ 🌟 วางดาวน์ : 𝟐,𝟗𝟎𝟎 ผ่อนต่อ 𝟏,𝟔𝟖𝟎*𝟏𝟎 เดือน🌟 ୨ৎ   𓏔🪞"
177,DShFApTE4zW,https://www.instagram.com/mynowphone.shop/p/DShFApTE4zW,1,"❝🌷🛣️ᯓ 𝐢𝐏𝐡𝐨𝐧𝐞 𝟏𝟓 𝐏𝐫𝐨𝐌𝐚𝐱 𝟐𝟓𝟔𝐆𝐁 𝐋𝐋 ꒱·🌳🍒✿. 𓈈🔖 ราคา : 𝟐𝟏,𝟓𝟓𝟎.- 🚏💖 ส่งฟรี ୨ৎ 🌟 วางดาวน์ : 𝟑,𝟗𝟎𝟎 ผ่อนต่อ 𝟑,𝟖𝟕𝟎*𝟏𝟎 เดือน🌟 ୨ৎ   𓏔"
178,DSg_UaVk7A0,https://www.instagram.com/mynowphone.shop/p/DSg_UaVk7A0,1,"❝🌷🛣️ᯓ 𝐢𝐏𝐡𝐨𝐧𝐞 𝟏𝟔 𝟏𝟐𝟖𝐆𝐁 𝐋𝐋 ꒱·🌳🍒✿. 𓈈🔖 ราคา : 𝟏𝟗,𝟗𝟗𝟎.- 🚏💖 ส่งฟรี ୨ৎ 🌟 วางดาวน์ : 𝟑,𝟗𝟎𝟎 ผ่อนต่อ 𝟐,𝟗𝟖𝟎*𝟏𝟎 เดือน🌟 ୨ৎ   𓏔🪞การใช้"
179,DSgyGvRE77l,https://www.instagram.com/mynowphone.shop/p/DSgyGvRE77l,1,"❝🌷🛣️ᯓ 𝐢𝐏𝐡𝐨𝐧𝐞 𝟏𝟒 𝟏𝟐𝟖𝐆𝐁 𝐋𝐋 ꒱·🌳🍒✿. 𓈈🔖 ราคา : 𝟏𝟑,𝟗𝟗𝟎.- 🚏💖 ส่งฟรี ୨ৎ 🌟 วางดาวน์ : 𝟏,𝟗𝟎𝟎 ผ่อนต่อ 𝟏,𝟗𝟖𝟎*𝟏𝟎 เดือน🌟 ୨ৎ   𓏔🪞การใช้"
180,DSdD46Tk4EO,https://www.instagram.com/mynowphone.shop/p/DSdD46Tk4EO,1,"❝🌷🛣️ᯓ 𝐢𝐏𝐡𝐨𝐧𝐞 𝟕 𝐏𝐥𝐮𝐬 𝟑𝟐𝐆𝐁 𝐓𝐇 ꒱·🌳🍒✿. 𓈈🔖 ราคา : 𝟐,𝟗𝟗𝟎.- 🚏💖 ส่งฟรี ⚠️เครื่องบายพาสรีไม่ลบ⚠️  𓏔🪞การใช้งานปกติทุกอย่าง 𓏔🎀สแกนน"
181,DSc-TRPk4O7,https://www.instagram.com/mynowphone.shop/p/DSc-TRPk4O7,1,"❝🌷🛣️ᯓ 𝐢𝐏𝐡𝐨𝐧𝐞 𝟖 𝐏𝐥𝐮𝐬 𝟔𝟒𝐆𝐁 𝐓𝐇 ꒱·🌳🍒✿. 𓈈🔖 ราคา : 𝟑,𝟗𝟗𝟎.- 🚏💖 ส่งฟรี ⚠️เครื่องบายพาสรีไม่ลบ⚠️  𓏔🪞การใช้งานปกติทุกอย่าง 𓏔⚠️ไม่ส"
182,DSc55NeE4cd,https://www.instagram.com/mynowphone.shop/p/DSc55NeE4cd,1,"❝🌷🛣️ᯓ 𝐢𝐏𝐡𝐨𝐧𝐞 𝟏𝟐 𝐏𝐫𝐨𝐌𝐚𝐱 𝟏𝟐𝟖𝐆𝐁 𝐋𝐋 ꒱·🌳🍒✿. 𓈈🔖 ราคา : 𝟏𝟐,𝟓𝟓𝟎.- 🚏💖 ส่งฟรี  𓏔🪞การใช้งานปกติทุกอย่าง 𓏔🎀สแกนหน้าได้ จอมีทรูโทน 𓏔🏁"
183,DSb9Xe-E_mh,https://www.instagram.com/mynowphone.shop/p/DSb9Xe-E_mh,1,"❝🌷🛣️ᯓ 𝐢𝐏𝐡𝐨𝐧𝐞 𝐗 𝟐𝟓𝟔𝐆𝐁 𝐓𝐇 ꒱·🌳🍒✿. 𓈈🔖 ราคา : 𝟔,𝟓𝟓𝟎.- 🚏💖 ส่งฟรี  𓏔🪞การใช้งานปกติทุกอย่าง 𓏔🎀สแกนหน้าได้ จอมีทรูโทน 𓏔🏁มือ 𝟐 มีร"
184,DSb8QV7E3sj,https://www.instagram.com/mynowphone.shop/p/DSb8QV7E3sj,1,"❝🌷🛣️ᯓ 𝐢𝐏𝐡𝐨𝐧𝐞 𝟏𝟒 𝐏𝐥𝐮𝐬 𝟏𝟐𝟖𝐆𝐁 𝐋𝐋 ꒱·🌳🍒✿. 𓈈🔖 ราคา : 𝟏𝟒,𝟗𝟗𝟎.- 🚏💖 ส่งฟรี ୨ৎ 🌟 วางดาวน์ : 𝟐,𝟗𝟎𝟎 ผ่อนต่อ 𝟏,𝟖𝟕𝟎*𝟏𝟎 เดือน🌟 ୨ৎ   𓏔🪞ก"
185,DSbzV7UExMa,https://www.instagram.com/mynowphone.shop/p/DSbzV7UExMa,1,"❝🌷🛣️ᯓ 𝐢𝐏𝐡𝐨𝐧𝐞 𝟏𝟓 𝟏𝟐𝟖𝐆𝐁 𝐋𝐋 ꒱·🌳🍒✿. 𓈈🔖 ราคา : 𝟏𝟒,𝟗𝟗𝟎.- 🚏💖 ส่งฟรี ୨ৎ 🌟 วางดาวน์ : 𝟐,𝟗𝟎𝟎 ผ่อนต่อ 𝟐,𝟏𝟐𝟎*𝟏𝟎 เดือน🌟 ୨ৎ   𓏔🪞การใช้"
186,DSaktsxkwqd,https://www.instagram.com/mynowphone.shop/p/DSaktsxkwqd,1,"❝🌷🛣️ᯓ 𝐢𝐏𝐡𝐨𝐧𝐞 𝟏𝟑 𝟏𝟐𝟖𝐆𝐁 𝐋𝐋 ꒱·🌳🍒✿. 𓈈🔖 ราคา : 𝟏𝟐,𝟓𝟓𝟎.- 🚏💖 ส่งฟรี ୨ৎ 🌟 วางดาวน์ : 𝟐,𝟗𝟎𝟎 ผ่อนต่อ 𝟏,𝟓𝟎𝟎*𝟏𝟎 เดือน🌟 ୨ৎ   𓏔🪞การใช้"
187,DSajUFWE-6B,https://www.instagram.com/mynowphone.shop/p/DSajUFWE-6B,1,"❝🌷🛣️ᯓ 𝐢𝐏𝐡𝐨𝐧𝐞 𝟏𝟑 𝐏𝐫𝐨 𝟏𝟐𝟖𝐆𝐁 𝐋𝐋 ꒱·🌳🍒✿. 𓈈🔖 ราคา : 𝟏𝟓,𝟗𝟗𝟎.- 🚏💖 ส่งฟรี ୨ৎ 🌟 วางดาวน์ : 𝟐,𝟗𝟎𝟎 ผ่อนต่อ 𝟏,𝟔𝟐𝟎*𝟏𝟎 เดือน🌟 ୨ৎ   𓏔🪞กา"
188,DSahF_3k-Vn,https://www.instagram.com/mynowphone.shop/p/DSahF_3k-Vn,1,"❝🌷🛣️ᯓ 𝐢𝐏𝐡𝐨𝐧𝐞 𝟏𝟏 𝟏𝟐𝟖𝐇𝐁 𝐓𝐇 ꒱·🌳🍒✿. 𓈈🔖 ราคา : 𝟖,𝟗𝟗𝟎.- 🚏💖 ส่งฟรี  𓏔🪞การใช้งานปกติทุกอย่าง 𓏔🎀สแกนหน้าได้ จอมีทรูโทน 𓏔🏁มือ 𝟐 มี"
189,DSX7l_JE7ze,https://www.instagram.com/mynowphone.shop/p/DSX7l_JE7ze,1,"❝🌷🛣️ᯓ 𝐢𝐏𝐡𝐨𝐧𝐞 𝟏𝟔 𝐏𝐫𝐨 𝟏𝟐𝟖𝐆𝐁 𝐋𝐋 ꒱·🌳🍒✿. 𓈈🔖 ราคา : 𝟐𝟖,𝟗𝟗𝟎.- 🚏💖 ส่งฟรี ୨ৎ 🌟 วางดาวน์ : 𝟕,𝟗𝟎𝟎 ผ่อนต่อ 𝟑,𝟖𝟒𝟎*𝟏𝟎 เดือน🌟 ୨ৎ   𓏔🪞กา"
190,DSX2WmTE8gV,https://www.instagram.com/mynowphone.shop/p/DSX2WmTE8gV,1,"❝🌷🛣️ᯓ 𝐢𝐏𝐡𝐨𝐧𝐞 𝟏𝟑 𝐏𝐫𝐨𝐌𝐚𝐱 𝟏𝟐𝟖𝐆𝐁 𝐋𝐋 ꒱·🌳🍒✿. 𓈈🔖 ราคา : 𝟏𝟓,𝟗𝟗𝟎.- 🚏💖 ส่งฟรี  𓏔🪞การใช้งานปกติทุกอย่าง 𓏔🎀สแกนหน้าได้ จอมีทรูโทน 𓏔🏁"
191,DSXed5IE_pb,https://www.instagram.com/mynowphone.shop/p/DSXed5IE_pb,1,"❝🌷🛣️ᯓ 𝐢𝐏𝐡𝐨𝐧𝐞 𝟏𝟏 𝐏𝐫𝐨 𝟐𝟓𝟔𝐆𝐁 𝐓𝐇 ꒱·🌳🍒✿. 𓈈🔖 ราคา : 𝟗,𝟑𝟓𝟎.- 🚏💖 ส่งฟรี  𓏔🪞การใช้งานปกติทุกอย่าง 𓏔🎀สแกนหน้าได้ จอมีทรูโทน 𓏔🏁มือ "
192,DSVAq1mE1lb,https://www.instagram.com/mynowphone.shop/p/DSVAq1mE1lb,1,"❝🌷🛣️ᯓ 𝐢𝐏𝐡𝐨𝐧𝐞 𝟏𝟔 𝐏𝐫𝐨𝐌𝐚𝐱 𝟐𝟓𝟔𝐆𝐁 𝐋𝐋 ꒱·🌳🍒✿. 𓈈🔖 ราคา : 𝟐𝟑,𝟓𝟓𝟎.- 🚏💖 ส่งฟรี ୨ৎ 🌟 วางดาวน์ : 𝟒,𝟗𝟎𝟎 ผ่อนต่อ 𝟒,𝟖𝟗𝟎*𝟏𝟎 เดือน🌟 ୨ৎ   𓏔"
193,DSU69GOkwbO,https://www.instagram.com/mynowphone.shop/p/DSU69GOkwbO,1,"❝🌷🛣️ᯓ 𝐢𝐏𝐡𝐨𝐧𝐞 𝟏𝟒 𝐏𝐫𝐨𝐌𝐚𝐱 𝟏𝟐𝟖𝐆𝐁 𝐋𝐋 ꒱·🌳🍒✿. 𓈈🔖 ราคา : 𝟏𝟕,𝟗𝟗𝟎.- 🚏💖 ส่งฟรี ୨ৎ 🌟 วางดาวน์ : 𝟏,𝟗𝟎𝟎 ผ่อนต่อ 𝟑,𝟐𝟐𝟎*𝟏𝟎 เดือน🌟 ୨ৎ   𓏔"
194,DSUjE-8k4V9,https://www.instagram.com/mynowphone.shop/p/DSUjE-8k4V9,1,"❝🌷🛣️ᯓ 𝐢𝐏𝐡𝐨𝐧𝐞 𝟏𝟒 𝐏𝐫𝐨 𝟏𝟐𝟖𝐆𝐁 𝐋𝐋 ꒱·🌳🍒✿. 𓈈🔖 ราคา : 𝟏𝟓,𝟗𝟗𝟎.- 🚏💖 ส่งฟรี ୨ৎ 🌟 วางดาวน์ : 𝟏,𝟗𝟎𝟎 ผ่อนต่อ 𝟑,𝟎𝟖𝟎*𝟏𝟎 เดือน🌟 ୨ৎ   𓏔🪞กา"
195,DSPyvhEE_T4,https://www.instagram.com/mynowphone.shop/p/DSPyvhEE_T4,1,"❝🌷🛣️ᯓ 𝐢𝐏𝐡𝐨𝐧𝐞 𝟏𝟑 𝟏𝟐𝟖𝐆𝐁 𝐓𝐇 ꒱·🌳🍒✿. 𓈈🔖 ราคา : 𝟏𝟒,𝟗𝟗𝟎.- 🚏💖 ส่งฟรี ୨ৎ 🌟 วางดาวน์ : 𝟑,𝟗𝟗𝟎 ผ่อนต่อ 𝟐,𝟎𝟎𝟎*𝟏𝟎 เดือน🌟 ୨ৎ   𓏔🪞การใช้"
196,DSPLwxBkwLq,https://www.instagram.com/mynowphone.shop/p/DSPLwxBkwLq,1,"❝🌷🛣️ᯓ 𝐢𝐏𝐡𝐨𝐧𝐞 𝟏𝟐 𝟔𝟒𝐆𝐁 𝐓𝐇 ꒱·🌳🍒✿. 𓈈🔖 ราคา : 𝟗,𝟓𝟓𝟎.- 🚏💖 ส่งฟรี ୨ৎ 🌟 วางดาวน์ : 𝟏,𝟎𝟎𝟎 ผ่อนต่อ 𝟏,𝟗𝟖𝟎*𝟖 เดือน🌟 ୨ৎ   𓏔🪞การใช้งาน"
197,DSNiOZZkyQI,https://www.instagram.com/mynowphone.shop/p/DSNiOZZkyQI,1,"❝🌷🛣️ᯓ 𝐢𝐏𝐡𝐨𝐧𝐞 𝟏𝟓 𝐏𝐫𝐨𝐌𝐚𝐱 𝟐𝟓𝟔𝐆𝐁 𝐋𝐋 ꒱·🌳🍒✿. 𓈈🔖 ราคา : 𝟐𝟏,𝟓𝟓𝟎.- 🚏💖 ส่งฟรี ୨ৎ 🌟 วางดาวน์ : 𝟐,𝟗𝟗𝟎 ผ่อนต่อ 𝟑,𝟖𝟕𝟎*𝟏𝟎 เดือน🌟 ୨ৎ   𓏔"
198,DSNWnDRE7W4,https://www.instagram.com/mynowphone.shop/p/DSNWnDRE7W4,1,"❝🌷🛣️ᯓ 𝐢𝐏𝐡𝐨𝐧𝐞 𝟏𝟏 𝐏𝐫𝐨𝐌𝐚𝐱 𝟐𝟓𝟔𝐆𝐁 𝐓𝐇 ꒱·🌳🍒✿. 𓈈🔖 ราคา : 𝟏𝟎,𝟗𝟗𝟎.- 🚏💖 ส่งฟรี  𓏔🪞การใช้งานปกติทุกอย่าง 𓏔🎀สแกนหน้าได้ จอมีทรูโทน 𓏔🏁"
199,DSNAbnOE8tI,https://www.instagram.com/mynowphone.shop/p/DSNAbnOE8tI,1,"❝🌷🛣️ᯓ 𝐢𝐏𝐡𝐨𝐧𝐞 𝟏𝟔 𝟏𝟐𝟖𝐆𝐁 𝐋𝐋 ꒱·🌳🍒✿. 𓈈🔖 ราคา : 𝟏𝟗,𝟗𝟗𝟎.- 🚏💖 ส่งฟรี ୨ৎ 🌟 วางดาวน์ : 𝟒,𝟗𝟗𝟎 ผ่อนต่อ 𝟐,𝟕𝟓𝟎*𝟏𝟎 เดือน🌟 ୨ৎ   𓏔🪞การใช้"
200,DSJ4kpvE5UM,https://www.instagram.com/mynowphone.shop/p/DSJ4kpvE5UM,1,"❝🌷🛣️ᯓ 𝐢𝐏𝐡𝐨𝐧𝐞 𝟏𝟒 𝟏𝟐𝟖𝐆𝐁 𝐋𝐋 ꒱·🌳🍒✿. 𓈈🔖 ราคา : 𝟏𝟑,𝟗𝟗𝟎.- 🚏💖 ส่งฟรี ୨ৎ 🌟 วางดาวน์ : 𝟗𝟗𝟎 ผ่อนต่อ 𝟐,𝟐𝟒𝟎*𝟏𝟎 เดือน🌟 ୨ৎ   𓏔🪞การใช้งา"
201,DSJ0tWQk4bU,https://www.instagram.com/mynowphone.shop/p/DSJ0tWQk4bU,1,"❝🌷🛣️ᯓ 𝐢𝐏𝐡𝐨𝐧𝐞 𝟏𝟓 𝟏𝟐𝟖𝐆𝐁 𝐋𝐋 ꒱·🌳🍒✿. 𓈈🔖 ราคา : 𝟏𝟔,𝟓𝟓𝟎.- 🚏💖 ส่งฟรี ୨ৎ 🌟 วางดาวน์ : 𝟗𝟗𝟎 ผ่อนต่อ 𝟐,𝟔𝟔𝟎*𝟏𝟎 เดือน🌟 ୨ৎ   𓏔🪞การใช้งา"
202,DSJxNo_k6H-,https://www.instagram.com/mynowphone.shop/p/DSJxNo_k6H-,1,"❝🌷🛣️ᯓ 𝐢𝐏𝐡𝐨𝐧𝐞 𝟏𝟓 𝐏𝐫𝐨𝐌𝐚𝐱 𝟐𝟓𝟔𝐆𝐁 𝐋𝐋 ꒱·🌳🍒✿. 𓈈🔖 ราคา : 𝟐𝟐,𝟗𝟗𝟎.- 🚏💖 ส่งฟรี ୨ৎ 🌟 วางดาวน์ : 𝟗𝟗𝟎 ผ่อนต่อ 𝟒,𝟐𝟒𝟎*𝟏𝟎 เดือน🌟 ୨ৎ   𓏔🪞ก"
203,DSGHBfkE3JM,https://www.instagram.com/mynowphone.shop/p/DSGHBfkE3JM,1,"❝🌷🛣️ᯓ 𝐢𝐏𝐡𝐨𝐧𝐞 𝟏𝟑 𝐏𝐫𝐨𝐌𝐚𝐱 𝟏𝟐𝟖𝐆𝐁 𝐋𝐋 ꒱·🌳🍒✿. 𓈈🔖 ราคา : 𝟏𝟑,𝟗𝟗𝟎.- 🚏💖 ส่งฟรี ⚠️กล่องไม่ตรงรุ่นนะคะ⚠️  𓏔🪞การใช้งานปกติทุกอย่าง 𓏔🎀ส"
204,DSGFfyRE91h,https://www.instagram.com/mynowphone.shop/p/DSGFfyRE91h,1,"❝🌷🛣️ᯓ 𝐢𝐏𝐡𝐨𝐧𝐞 𝟏𝟒 𝐏𝐥𝐮𝐬 𝟏𝟐𝟖𝐆𝐁 𝐋𝐋 ꒱·🌳🍒✿. 𓈈🔖 ราคา : 𝟏𝟐,𝟗𝟗𝟎.- 🚏💖 ส่งฟรี ⚠️มีตำหนิรูปสุดท้าย ขอคนรับได้คั้บ⚠️  𓏔🪞การใช้งานปกติท"
205,DSE7fIuk3BO,https://www.instagram.com/mynowphone.shop/p/DSE7fIuk3BO,1,"❝🌷🛣️ᯓ 𝐢𝐏𝐡𝐨𝐧𝐞 𝟏𝟏 𝟔𝟒𝐆𝐁 𝐓𝐇 ꒱·🌳🍒✿. 𓈈🔖 ราคา : 𝟔,𝟗𝟗𝟎.- 🚏💖 ส่งฟรี  𓏔🪞การใช้งานปกติทุกอย่าง 𓏔🎀สแกนหน้าได้ จอมีทรูโทน 𓏔🏁มือ 𝟐 มีร"
206,DSExnUAE_wG,https://www.instagram.com/mynowphone.shop/p/DSExnUAE_wG,1,"❝🌷🛣️ᯓ 𝐢𝐏𝐡𝐨𝐧𝐞 𝟏𝟓 𝐏𝐥𝐮𝐬 𝟏𝟐𝟖𝐆𝐁 𝐋𝐋 ꒱·🌳🍒✿. 𓈈🔖 ราคา : 𝟏𝟔,𝟓𝟓𝟎.- 🚏💖 ส่งฟรี ୨ৎ 🌟 วางดาวน์ : 𝟐,𝟗𝟎𝟎 ผ่อนต่อ 𝟑,𝟐𝟒𝟎*𝟏𝟎 เดือน🌟 ୨ৎ   𓏔🪞ก"
207,DSEpVDuEwNP,https://www.instagram.com/mynowphone.shop/p/DSEpVDuEwNP,1,"❝🌷🛣️ᯓ 𝐢𝐏𝐡𝐨𝐧𝐞 𝟏𝟓 𝐏𝐫𝐨𝐌𝐚𝐱 𝟐𝟓𝟔𝐆𝐁 𝐋𝐋 ꒱·🌳🍒✿. 𓈈🔖 ราคา : 𝟐𝟏,𝟓𝟓𝟎.- 🚏💖 ส่งฟรี ୨ৎ 🌟 วางดาวน์ : 𝟑,𝟗𝟎𝟎 ผ่อนต่อ 𝟑,𝟖𝟕𝟎*𝟏𝟎 เดือน🌟 ୨ৎ   𓏔"
208,DSCEMytkzd6,https://www.instagram.com/mynowphone.shop/p/DSCEMytkzd6,1,"❝🌷🛣️ᯓ 𝐢𝐏𝐡𝐨𝐧𝐞 𝟏𝟓 𝟏𝟐𝟖𝐆𝐁 𝐋𝐋 ꒱·🌳🍒✿. 𓈈🔖 ราคา : 𝟏𝟓,𝟗𝟗𝟎.- 🚏💖 ส่งฟรี ୨ৎ 🌟 วางดาวน์ : 𝟐,𝟓𝟎𝟎 ผ่อนต่อ 𝟐,𝟕𝟓𝟎*𝟏𝟎 เดือน🌟 ୨ৎ   𓏔🪞การใช้"
209,DSAsboYk0qc,https://www.instagram.com/mynowphone.shop/p/DSAsboYk0qc,1,"❝🌷🛣️ᯓ 𝐢𝐏𝐡𝐨𝐧𝐞 𝟏𝟒 𝐏𝐫𝐨 𝟏𝟐𝟖𝐆𝐁 𝐋𝐋 ꒱·🌳🍒✿. 𓈈🔖 ราคา : 𝟏𝟓,𝟗𝟗𝟎.- 🚏💖 ส่งฟรี ୨ৎ 🌟 วางดาวน์ : 𝟐,𝟓𝟎𝟎 ผ่อนต่อ 𝟐,𝟕𝟓𝟎*𝟏𝟎 เดือน🌟 ୨ৎ   𓏔🪞กา"
210,DSAePIakwo6,https://www.instagram.com/mynowphone.shop/p/DSAePIakwo6,1,"❝🌷🛣️ᯓ 𝐢𝐏𝐡𝐨𝐧𝐞 𝟏𝟐 𝟏𝟐𝟖𝐆𝐁 โมเดลนอก ꒱·🌳🍒✿. 𓈈🔖 ราคา : 𝟗,𝟓𝟓𝟎.- 🚏💖 ส่งฟรี ୨ৎ 🌟 วางดาวน์ : 𝟏,𝟎𝟎𝟎 ผ่อนต่อ 𝟏,𝟔𝟐𝟎*𝟏𝟎 เดือน🌟 ୨ৎ   𓏔🪞ก"
211,DR9JH38k-Ez,https://www.instagram.com/mynowphone.shop/p/DR9JH38k-Ez,1,"❝🌷🛣️ᯓ 𝐢𝐏𝐡𝐨𝐧𝐞 𝟏𝟑 𝟏𝟐𝟖𝐆𝐁 𝐂𝐇 ꒱·🌳🍒✿. 𓈈🔖 ราคา : 𝟏𝟎,𝟗𝟗𝟎.- 🚏💖 ส่งฟรี ୨ৎ 🌟 วางดาวน์ : 𝟏,𝟖𝟗𝟎 ผ่อนต่อ 𝟏,𝟖𝟐𝟎*𝟏𝟎 เดือน🌟 ୨ৎ   𓏔🪞การใช้"
212,DR89Zwikxvf,https://www.instagram.com/mynowphone.shop/p/DR89Zwikxvf,1,"❝🌷🛣️ᯓ 𝐢𝐏𝐡𝐨𝐧𝐞 𝟏𝟓 𝐏𝐫𝐨𝐌𝐚𝐱 𝟐𝟓𝟔𝐆𝐁 𝐋𝐋 ꒱·🌳🍒✿. 𓈈🔖 ราคา : 𝟐𝟏,𝟓𝟓𝟎.- 🚏💖 ส่งฟรี ୨ৎ 🌟 วางดาวน์ : 𝟐,𝟗𝟗𝟎 ผ่อนต่อ 𝟑,𝟕𝟕𝟎*𝟏𝟎 เดือน🌟 ୨ৎ   𓏔"
213,DR82KVwE-QI,https://www.instagram.com/mynowphone.shop/p/DR82KVwE-QI,1,"❝🌷🛣️ᯓ 𝐢𝐏𝐡𝐨𝐧𝐞 𝟏𝟔 𝟏𝟐𝟖𝐆𝐁 𝐋𝐋 ꒱·🌳🍒✿. 𓈈🔖 ราคา : 𝟏𝟗,𝟗𝟗𝟎.- 🚏💖 ส่งฟรี ୨ৎ 🌟 วางดาวน์ : 𝟐,𝟗𝟗𝟎 ผ่อนต่อ 𝟑,𝟎𝟖𝟎*𝟏𝟎 เดือน🌟 ୨ৎ   𓏔🪞การใช้"
214,DR7p79Dk8T8,https://www.instagram.com/mynowphone.shop/p/DR7p79Dk8T8,1,"❝🌷🛣️ᯓ 𝐢𝐏𝐡𝐨𝐧𝐞 𝐗𝐫 𝟔𝟒𝐆𝐁 𝐓𝐇 ꒱·🌳🍒✿. 𓈈🔖 ราคา : 𝟓,𝟗𝟗𝟎.- 🚏💖 ส่งฟรี  𓏔🪞การใช้งานปกติทุกอย่าง 𓏔🎀สแกนหน้าได้ จอมีทรูโทน 𓏔🏁มือ 𝟐 มีร"
215,DR7lYOgk5n0,https://www.instagram.com/mynowphone.shop/p/DR7lYOgk5n0,1,"❝🌷🛣️ᯓ 𝐢𝐏𝐡𝐨𝐧𝐞 𝟏𝟏 𝐏𝐫𝐨𝐌𝐚𝐱 𝟔𝟒𝐆𝐁 𝐓𝐇 ꒱·🌳🍒✿. 𓈈🔖 ราคา : 𝟗,𝟗𝟗𝟎.- 🚏💖 ส่งฟรี  𓏔🪞การใช้งานปกติทุกอย่าง 𓏔🎀สแกนหน้าได้ จอมีทรูโทน 𓏔🏁มื"
216,DR7i8lDE-18,https://www.instagram.com/mynowphone.shop/p/DR7i8lDE-18,1,"❝🌷🛣️ᯓ 𝐢𝐏𝐡𝐨𝐧𝐞 𝐗𝐑 𝟏𝟐𝟖𝐆𝐁 𝐓𝐇 แปลงบอดี้ ꒱·🌳🍒✿. 𓈈🔖 ราคา : 𝟔,𝟓𝟓𝟎.- 🚏💖 ส่งฟรี  𓏔🪞การใช้งานปกติทุกอย่าง 𓏔🎀สแกนหน้าได้ จอมีทรูโทน "
217,DR6tbFQE7ZQ,https://www.instagram.com/mynowphone.shop/p/DR6tbFQE7ZQ,1,"❝🌷🛣️ᯓ 𝐢𝐏𝐡𝐨𝐧𝐞 𝟏𝟓 𝟏𝟖𝐆𝐁 𝐋𝐋 ꒱·🌳🍒✿. 𓈈🔖 ราคา : 𝟏𝟒,𝟗𝟗𝟎.- 🚏💖 ส่งฟรี ୨ৎ 🌟 วางดาวน์ : 𝟏𝟗𝟗𝟎 ผ่อนต่อ 𝟐,𝟑𝟕𝟎*𝟏𝟎 เดือน🌟 ୨ৎ   𓏔🪞การใช้งา"
218,DR6oSDgE8pV,https://www.instagram.com/mynowphone.shop/p/DR6oSDgE8pV,1,"❝🌷🛣️ᯓ 𝐢𝐏𝐡𝐨𝐧𝐞 𝟏𝟒 𝐏𝐫𝐨 𝟏𝟐𝟖𝐆𝐁 𝐋𝐋 ꒱·🌳🍒✿. 𓈈🔖 ราคา : 𝟏𝟓,𝟗𝟗𝟎.- 🚏💖 ส่งฟรี  𓏔🪞การใช้งานปกติทุกอย่าง 𓏔🎀สแกนหน้าได้ จอมีทรูโทน 𓏔🏁มือ"
219,DR6gDWpE6OM,https://www.instagram.com/mynowphone.shop/p/DR6gDWpE6OM,1,"❝🌷🛣️ᯓ 𝐢𝐏𝐡𝐨𝐧𝐞 𝟏𝟔 𝐏𝐫𝐨 𝟏𝟐𝟖𝐆𝐁 𝐙𝐏 ꒱·🌳🍒✿. 𓈈🔖 ราคา : 𝟑𝟏,𝟓𝟓𝟎.- 🚏💖 ส่งฟรี ୨ৎ 🌟 วางดาวน์ : 𝟗,𝟗𝟕𝟓 ผ่อนต่อ 𝟑,𝟒𝟎𝟎*𝟏𝟐 เดือน🌟 ୨ৎ   𓏔🪞กา"
220,DR3p75qEzaM,https://www.instagram.com/mynowphone.shop/p/DR3p75qEzaM,1,"❝🌷🛣️ᯓ 𝐢𝐏𝐡𝐨𝐧𝐞 𝟏𝟒 𝐏𝐫𝐨𝐌𝐚𝐱 𝟏𝟐𝟖𝐆𝐁 𝐋𝐋 ꒱·🌳🍒✿. 𓈈🔖 ราคา : 𝟏𝟗,𝟗𝟗𝟎.- 🚏💖 ส่งฟรี ୨ৎ 🌟 วางดาวน์ : 𝟗𝟗𝟎 ผ่อนต่อ 𝟑,𝟒𝟐𝟎*𝟏𝟐 เดือน🌟 ୨ৎ   𓏔🪞ก"
221,DR1YZiKE1eK,https://www.instagram.com/mynowphone.shop/p/DR1YZiKE1eK,1,"❝🌷🛣️ᯓ 𝐢𝐏𝐡𝐨𝐧𝐞 𝟏𝟑 𝐏𝐫𝐨𝐌𝐚𝐱 𝟏𝟐𝟖𝐆𝐁 𝐋𝐋 ꒱·🌳🍒✿. 𓈈🔖 ราคา : 𝟏𝟓,𝟗𝟗𝟎.- 🚏💖 ส่งฟรี ୨ৎ 🌟 วางดาวน์ : 𝟗𝟗𝟎 ผ่อนต่อ 𝟐,𝟓𝟓𝟎*𝟏𝟐 เดือน🌟 ୨ৎ   𓏔🪞ก"
222,DR1FloAE2hG,https://www.instagram.com/mynowphone.shop/p/DR1FloAE2hG,1,"❝🌷🛣️ᯓ 𝐢𝐏𝐡𝐨𝐧𝐞 𝟏𝟓 𝐏𝐫𝐨𝐌𝐚𝐱 𝟐𝟓𝟔𝐆𝐁 𝐋𝐋 ꒱·🌳🍒✿. 𓈈🔖 ราคา : 𝟐𝟐,𝟗𝟗𝟎.- 🚏💖 ส่งฟรี ୨ৎ 🌟 วางดาวน์ : 𝟗𝟗𝟎 ผ่อนต่อ 𝟒,𝟐𝟑𝟎*𝟏𝟐 เดือน🌟 ୨ৎ   𓏔🪞ก"
223,DR08xdtk_Az,https://www.instagram.com/mynowphone.shop/p/DR08xdtk_Az,1,"❝🌷🛣️ᯓ 𝐢𝐏𝐡𝐨𝐧𝐞 𝟏𝟑 𝟏𝟐𝟖𝐆𝐁 โมเดลนอก ꒱·🌳🍒✿. 𓈈🔖 ราคา : 𝟏𝟏,𝟗𝟗𝟎.- 🚏💖 ส่งฟรี  𓏔🪞การใช้งานปกติทุกอย่าง 𓏔🎀สแกนหน้าได้ จอมีทรูโทน 𓏔🏁ม"
224,DRwbRArkzTG,https://www.instagram.com/mynowphone.shop/p/DRwbRArkzTG,1,"❝🌷🛣️ᯓ 𝐢𝐏𝐡𝐨𝐧𝐞 𝟏𝟒 𝐏𝐥𝐮𝐬 𝟏𝟐𝟖𝐆𝐁 𝐋𝐋 ꒱·🌳🍒✿. 𓈈🔖 : ราคา : 𝟏𝟒,𝟓𝟓𝟎.- 🚏💖 ส่งฟรี  𓏔🪞การใช้งานปกติทุกอย่าง 𓏔🎀สแกนหน้าได้ จอมีทรูโทน 𓏔🏁"
225,DRv__gFk-Gt,https://www.instagram.com/mynowphone.shop/p/DRv__gFk-Gt,1,"❝🌷🛣️ᯓ 𝐢𝐏𝐡𝐨𝐧𝐞 𝐗 𝟔𝟒𝐆𝐁 𝐓𝐇 ꒱·🌳🍒✿. 𓈈🔖 : ราคา : 𝟓,𝟓𝟓𝟎.- 🚏💖 ส่งฟรี  𓏔🪞การใช้งานปกติทุกอย่าง 𓏔🎀สแกนหน้าได้ จอมีทรูโทน 𓏔🏁มือ 𝟐 มี"
226,DRv-CzpE_rD,https://www.instagram.com/mynowphone.shop/p/DRv-CzpE_rD,1,"❝🌷🛣️ᯓ 𝐢𝐏𝐡𝐨𝐧𝐞 𝟏𝟓 𝟏𝟐𝟖𝐆𝐁 โมเดลนอก ꒱·🌳🍒✿. 𓈈🔖 ราคา : 𝟏𝟔,𝟓𝟓𝟎.- 🚏💖 ส่งฟรี  𓏔🪞การใช้งานปกติทุกอย่าง 𓏔🎀สแกนหน้าได้ จอมีทรูโทน 𓏔🏁ม"
227,DRo58yUk2ZC,https://www.instagram.com/mynowphone.shop/p/DRo58yUk2ZC,1,"❝🌷🛣️ᯓ 𝐢𝐏𝐡𝐨𝐧𝐞 𝟏𝟔 𝐏𝐥𝐮𝐬 𝟏𝟐𝟖𝐆𝐁 𝐋𝐋 ꒱·🌳🍒✿. 𓈈🔖 ราคา : 𝟐𝟏,𝟗𝟗𝟎.- 🚏💖 ส่งฟรี  𓏔🪞การใช้งานปกติทุกอย่าง 𓏔🎀สแกนหน้าได้ จอมีทรูโทน 𓏔🏁มื"
228,DRoloIDk2_h,https://www.instagram.com/mynowphone.shop/p/DRoloIDk2_h,1,"❝🌷🛣️ᯓ 𝐢𝐏𝐚𝐝 𝐆𝐞𝐧𝟏𝟎 𝐰𝐢𝐟𝐢 𝟔𝟒𝐆𝐁 𝐓𝐇 ꒱·🌳🍒✿. 𓈈🔖 : ราคา : 𝟏𝟏,𝟗𝟗𝟎.- 🚏💖 ส่งฟรี  𓏔🪞การใช้งานปกติทุกอย่าง 𓏔🎀สแกนนิ้วได้ จอมีทรูโทน 𓏔🏁"
