index,model,storage,price,battery,post_url,thumbnail_url,caption
1,โทรศัพท์มือสอง,,,,https://www.instagram.com/mynowphone.shop/p/CzVPXGXPUd8/,https://instagram.fbkk9-3.fna.fbcdn.net/v/t51.82787-15/623668918_18073190813109282_2112470975232429472_n.jpg?stp=dst-jpg_e35_s640x640_sh2.08_tt6&_nc_ht=instagram.fbkk9-3.fna.fbcdn.net&_nc_cat=106&_nc_oc=Q6cZ2gFayXbgN-PO_hNlvywDs4fRbyX47udDPsM79hfCuMuM3oxdPCucJNtc-E7h8stRNpc87ERe4VHqc76UVXqIiMkl&_nc_ohc=6mQ3imNuPGcQ7kNvwFiXilz&_nc_gid=nTf7y4kyxdN1C8siAF8cqQ&edm=ALY_pVYBAAAA&ccb=7-5&oh=00_AQFnAixr2Ni5Hmk6ukKIsi7MUWDN1mMTYda5mCDHuUdvow&oe=6A872A08&_nc_sid=57e406,"👀🌷นาวสต๊อกของเอง “พร้อมส่ง”🥳✨
เครื่องมือสอง สภาพ 80-90% สวยทุกเครื่อง
มือ 1 เครื่องศูนย์นาวก็มีขายน้าค้าบ!!

⛅️🌸ส่งจริง ไม่มีทิพย์ ไม่จกตา✨
นาวไม่เคยเมครีวิว ถ้าเช็คได้ที่ไฮไลต์เลอ!

เครื่องมือสองมีประกันให้ทุกเครื่องงับ
จัดไปเลอ 7 วันจุกๆนะแม่นะ🫐🌷

ซื้อสดสบายใจได้เลยค้าบ สั่งกับนาวได้ขอบทุกคน
❗️ชื่อบัญชี : เขมจิรา แนวโอโล (เท่านั้น)❗️
โอน บช นี้ได้ของทุกคนแน่นอนค้าบ🥰
______________________________

สั่งซื้อ : 🌷🎧彡 𝗟𝗶𝗻𝗲:@𝟴𝟱𝟬𝘂𝗰𝗱𝗶𝘃(มี@) 🦙𖠵🧦
⌇🚘 : นัดรับบ้านโอโลภูเขียวหรือใกล้เคียง 🍮 𓈃"
2,โทรศัพท์มือสอง,,,,https://www.instagram.com/mynowphone.shop/p/Cu_JuWTPvG3/,https://instagram.fbkk12-1.fna.fbcdn.net/v/t51.82787-15/655292052_18093839612022001_8699726521430964282_n.jpg?stp=dst-jpg_e35_s640x640_sh2.08_tt6&_nc_ht=instagram.fbkk12-1.fna.fbcdn.net&_nc_cat=101&_nc_oc=Q6cZ2gHHv41gsEo3zGiiZvPzRixUmuQXEMbyCk00Ti4GjS6Fp8fceOrWuPBA09kAWA4uACPn1QavWfy0ogHP4bDgYLwD&_nc_ohc=G7KcRxF8wh4Q7kNvwG61QAW&_nc_gid=qq2WagEGSfLjzur4n0zG1w&edm=ALY_pVYBAAAA&ccb=7-5&oh=00_AQHH9cWg3pg6mstsXaLkk0ebqudmavfWIFEB5E8tUcHpXA&oe=6A87490C&_nc_sid=57e406,"🌷˚ ⛅️✦รีวิวนัดรับนัดใจสบายใจลูกค้า ˏˋ°✨
ร้านเจ้านาวมีบริการนัดรับนะแม่นะ
#ส่งถึงมือลูกค้า ปิดสดกันเก่งมาก🖐🏻💗

ลูกค้าพื้นที่ห่างไกล ต่างจังหวัด📮
📦ร้านนาวมีบริการจัดส่งฟรี
ขายจริง ส่งจริง ไม่จกตา👀💖

☁️🌷พิกัด:บ้านโอโลภูเขียวชัยภูมิ

🔍 𝗶𝗴:𝗺𝘆𝗻𝗼𝘄𝗽𝗵𝗼𝗻𝗲.𝘀𝗵𝗼𝗽 🎀🖖🏻
“จดทะเบียนพาณิชย์ทุกต้อง📝
ชื่อบัญชี:เขมจิรา แนวโอโล (เท่านั้น)❗️
_________________________________

สั่งซื้อ : 🌷🎧彡 𝗟𝗶𝗻𝗲:@𝟴𝟱𝟬𝘂𝗰𝗱𝗶𝘃(มี@) 🖇🫐💘"
3,โทรศัพท์มือสอง,,,,https://www.instagram.com/mynowphone.shop/p/Crm0wHuv30y/,https://instagram.fbkk12-3.fna.fbcdn.net/v/t51.82787-15/621237582_18092123287817630_5082769295602535664_n.jpg?stp=dst-jpg_e15_s640x640_tt6&_nc_ht=instagram.fbkk12-3.fna.fbcdn.net&_nc_cat=102&_nc_oc=Q6cZ2gFwwsBAeM-1PlnqJwxxtrZ1P5QgGGbjro5gitXOlRd0OkRLTVZIWhl4NkCRcEraFkJseBk-6wCvVanFnoAPJKk-&_nc_ohc=vRnsxLjMY9kQ7kNvwF0B_gW&_nc_gid=d2NUoyuNDpXhfHYvQsswiQ&edm=ALY_pVYBAAAA&ccb=7-5&oh=00_AQF_cK-mPOj91d2rrpnTEpwNFLeNPmXv5Eo85Qq-UTAtvA&oe=6A8721BC&_nc_sid=57e406,"🌷﹆🪧รางวัลชีวิตในวัย 19 เข้า 20 ปี🎊
เงินก้อนแรกที่หามาด้วยตัวเอง 🌥💘✳︎
หนีก้อนแรกวัย 19 จุกๆ 

ขอบคุณครอบครัว แม่ทีม ตัวแทน คุณลูกค้าที่ซัพพอร์ตมาตลอดนะคะ จากนี้ก็ขอยอดปังๆ ลูกค้าน่ารักมาอุดหนุนเยอะๆน้า เพราะต้องจ่ายค่างวด55555 🤣
____________________________

สั่งซื้อ : 🌷🎧彡 𝗟𝗶𝗻𝗲:@𝟴𝟱𝟬𝘂𝗰𝗱𝗶𝘃(มี@) 🖇🫐💘"
4,iPhone 11 64GB TH,64GB,6550,100%,https://www.instagram.com/mynowphone.shop/p/Dbv29LpE2Qm/,https://instagram.fbkk13-1.fna.fbcdn.net/v/t51.82787-15/768824139_18091868909561489_1417612980151064847_n.jpg?stp=dst-jpg_e15_p640x640_tt6&_nc_ht=instagram.fbkk13-1.fna.fbcdn.net&_nc_cat=105&_nc_oc=Q6cZ2gEK8WTNPnqxeVy36GvrZdsfPDaX2Kf98wfH-vsOnAl6i6ZHJckbPwhlVhJti2Dm2Dl9YKEVz8As1U_3lwNghWRU&_nc_ohc=UifIk1rD0BEQ7kNvwFiLerG&_nc_gid=cxrtYzPJhFwsKwDKGMNnHA&edm=ALY_pVYBAAAA&ccb=7-5&oh=00_AQGgEfzfAgE8ruu_IHjnAYSsnn2MDTxEyKq9cUcdn_0Fhw&oe=6A872CDA&_nc_sid=57e406,"❝🌷🛣️ᯓ 𝐢𝐏𝐡𝐨𝐧𝐞 𝟏𝟏 𝟔𝟒𝐆𝐁 𝐓𝐇 ꒱·🌳🍒✿.
𓈈🔖 ราคา : 𝟔,𝟓𝟓𝟎.- 🚏💖 ส่งฟรี

𓏔🪞การใช้งานปกติทุกอย่าง
𓏔🎀สแกนหน้าได้ จอมีทรูโทน
𓏔🏁มือ 𝟐 มีรอยตามการใช้งาน
𓏔☁️รีเซ็ตเครื่องได้ ไม่ติดไอคราว
𓏔🔋สุขภาพแบต 𝟏𝟎𝟎% 
𓏔🌷อุปกรณ์ : ครบกล่อง ของแถม
𓏔🛠ประกันสินค้าหลังการขาย 𝟏𝟓 วัน
____________________________

สั่งซื้อ : 🌷🎧彡 𝗟𝗶𝗻𝗲:@𝟴𝟱𝟬𝘂𝗰𝗱𝗶𝘃(มี@) 🦙𖠵🧦♡´
⌇🛻💭 : นัดรับบ้านโอโลภูเขียวหรือใกล้เคียง 🍮 𓈃"
5,iPhone 8 Plis 64GB TH,64GB,4990,70%,https://www.instagram.com/mynowphone.shop/p/DbtbLrIE-oP/,https://instagram.fbkk13-1.fna.fbcdn.net/v/t51.82787-15/769144224_18091754231561489_5494373751910952608_n.jpg?stp=dst-jpg_e35_p640x640_sh2.08_tt6&_nc_ht=instagram.fbkk13-1.fna.fbcdn.net&_nc_cat=105&_nc_oc=Q6cZ2gHTNcnSSCsE_KARjytrLETQGX8QPhc5yb4_DDKuLrTWLsxgC8024jeGpfrzPMVPKEdjRqU1hGEdaZSPsMpHqvGw&_nc_ohc=roUJ4UTSM4YQ7kNvwFXYKXF&_nc_gid=9DtNk-Au72FKprCPLuH47g&edm=ALY_pVYBAAAA&ccb=7-5&oh=00_AQEldgAsbSr5N6V_lqhWYJ66hxTeqj9cjoamnRI5n5gZOw&oe=6A872176&_nc_sid=57e406,"❝🌷🛣️ᯓ 𝐢𝐏𝐡𝐨𝐧𝐞 𝟖 𝐏𝐥𝐢𝐬 𝟔𝟒𝐆𝐁 𝐓𝐇 ꒱·🌳🍒✿.
𓈈🔖 ราคา : 𝟒,𝟗𝟗𝟎.- 🚏💖 ส่งฟรี

𓏔🪞การใช้งานปกติทุกอย่าง
𓏔🎀สแกนหน้าได้ จอมีทรูโทน
𓏔🏁มือ 𝟐 มีรอยตามการใช้งาน
𓏔☁️รีเซ็ตเครื่องได้ ไม่ติดไอคราว
𓏔🔋สุขภาพแบต 𝟕𝟎% 
𓏔🌷อุปกรณ์ : ครบกล่อง ของแถม
𓏔🛠ประกันสินค้าหลังการขาย 𝟑𝟎 วัน
____________________________

สั่งซื้อ : 🌷🎧彡 𝗟𝗶𝗻𝗲:@𝟴𝟱𝟬𝘂𝗰𝗱𝗶𝘃(มี@) 🦙𖠵🧦♡´
⌇🛻💭 : นัดรับบ้านโอโลภูเขียวหรือใกล้เคียง 🍮 𓈃"
6,iPhone 13 128GB,128GB,11990,100%,https://www.instagram.com/mynowphone.shop/p/DbtZyAUk4iH/,https://instagram.fbkk13-1.fna.fbcdn.net/v/t51.82787-15/764818261_18091753109561489_4865417227973595503_n.jpg?stp=dst-jpg_e15_p640x640_tt6&_nc_ht=instagram.fbkk13-1.fna.fbcdn.net&_nc_cat=105&_nc_oc=Q6cZ2gF7C4vRHu9Ls_b329zqRHG_WrYfYU5yURHzsj7I0UGHXjIpVI1KZvvjun3kRz-oB3ODV_fg-H-8dHFwpxfzUq2a&_nc_ohc=rNNx9RSM3gAQ7kNvwHk_umJ&_nc_gid=KDpKbsK6Na3288mF9nZEOQ&edm=ALY_pVYBAAAA&ccb=7-5&oh=00_AQGYKref7g9PaXo3XbSegiistz-1Pl3dTNSfjgdV8gckeQ&oe=6A873E3F&_nc_sid=57e406,"❝🌷🛣️ᯓ 𝐢𝐏𝐡𝐨𝐧𝐞 𝟏𝟑 𝟏𝟐𝟖𝐆𝐁 𝐋𝐋꒱·🌳🍒✿.
𓈈🔖 ราคา : 𝟏𝟏,𝟗𝟗𝟎.- 🚏💖 ส่งฟรี

𓏔🪞การใช้งานปกติทุกอย่าง
𓏔🎀สแกนหน้าได้ จอมีทรูโทน
𓏔🏁มือ 𝟐 มีรอยตามการใช้งาน
𓏔☁️รีเซ็ตเครื่องได้ ไม่ติดไอคราว
𓏔🔋สุขภาพแบต 𝟏𝟎𝟎% 
𓏔🌷อุปกรณ์ : ครบกล่อง ของแถม
𓏔🛠ประกันสินค้าหลังการขาย 𝟏𝟓 วัน
____________________________

สั่งซื้อ : 🌷🎧彡 𝗟𝗶𝗻𝗲:@𝟴𝟱𝟬𝘂𝗰𝗱𝗶𝘃(มี@) 🦙𖠵🧦♡´
⌇🛻💭 : นัดรับบ้านโอโลภูเขียวหรือใกล้เคียง 🍮 𓈃"
7,iPhone 13 P,128GB,14990,100%,https://www.instagram.com/mynowphone.shop/p/DbtYz1wE3yL/,https://instagram.fbkk13-1.fna.fbcdn.net/v/t51.82787-15/764389188_18091752230561489_3818910334355572488_n.jpg?stp=dst-jpg_e15_p640x640_tt6&_nc_ht=instagram.fbkk13-1.fna.fbcdn.net&_nc_cat=105&_nc_oc=Q6cZ2gHlt6SUjxQssI4WsvMJ8eDQvZrnG2LKVXEa8D6XH47lCPfAgOj43oewil2whouChfqH_HzA6IbS-sCSxNScek9O&_nc_ohc=g0PX1jWnz4AQ7kNvwFgwRpE&_nc_gid=0U46c07HocOwKGxnlSw7Vg&edm=ALY_pVYBAAAA&ccb=7-5&oh=00_AQEEkJ1uKEvZj7sXvB2ukQOcQVbNYI2Ygz6EZ7SVQ0Hilw&oe=6A8756A2&_nc_sid=57e406,"❝🌷🛣️ᯓ 𝐢𝐏𝐡𝐨𝐧𝐞 𝟏𝟑 𝐏𝐫𝐨𝐦𝐚𝐱 𝟏𝟐𝟖𝐆𝐁 𝐋𝐋 ꒱·🌳🍒✿.
𓈈🔖 ราคา : 𝟏𝟒,𝟗𝟗𝟎.- 🚏💖 ส่งฟรี

𓏔🪞การใช้งานปกติทุกอย่าง
𓏔🎀สแกนหน้าได้ จอมีทรูโทน
𓏔🏁มือ 𝟐 มีรอยตามการใช้งาน
𓏔☁️รีเซ็ตเครื่องได้ ไม่ติดไอคราว
𓏔🔋สุขภาพแบต 𝟏𝟎𝟎% 
𓏔🌷อุปกรณ์ : ครบกล่อง ของแถม
𓏔🛠ประกันสินค้าหลังการขาย 𝟏𝟓 วัน
____________________________

สั่งซื้อ : 🌷🎧彡 𝗟𝗶𝗻𝗲:@𝟴𝟱𝟬𝘂𝗰𝗱𝗶𝘃(มี@) 🦙𖠵🧦♡´
⌇🛻💭 : นัดรับบ้านโอโลภูเขียวหรือใกล้เคียง 🍮 𓈃"
8,iPhone 14 Plus 128GB,128GB,14990,,https://www.instagram.com/mynowphone.shop/p/Dbow7RPE2EO/,https://instagram.fbkk13-1.fna.fbcdn.net/v/t51.82787-15/764720052_18091511486561489_4925884997015795968_n.jpg?stp=dst-jpg_e15_p640x640_tt6&_nc_ht=instagram.fbkk13-1.fna.fbcdn.net&_nc_cat=105&_nc_oc=Q6cZ2gEHczhUFtm1yeHQxtqCtKx_Ph8YqDGQpXCnDAp-OU1AhI4U8M-VbnUKac-R1seraY2cvKao-z9l_TJseCWjrNHM&_nc_ohc=fCJo1lWtUaYQ7kNvwFrHrCH&_nc_gid=r-EDj-v8z2vO7fb4vtA8GA&edm=ALY_pVYBAAAA&ccb=7-5&oh=00_AQGoho4Qmf9p-o6WPhOyoH0VMwO5FXTIM-eVLQNH7XJ6HA&oe=6A874CF3&_nc_sid=57e406,"❝🌷🛣️ᯓ 𝐢𝐏𝐡𝐨𝐧𝐞 𝟏𝟒 𝐏𝐥𝐮𝐬 𝟏𝟐𝟖𝐆𝐁 𝐋𝐋 ꒱·🌳🍒✿.
𓈈🔖 ราคา : 𝟏𝟒,𝟗𝟗𝟎.- 🚏💖 ส่งฟรี

𓏔🪞การใช้งานปกติทุกอย่าง
𓏔🎀สแกนหน้าได้ จอมีทรูโทน
𓏔🏁มือ 𝟐 มีรอยตามการใช้งาน
𓏔☁️รีเซ็ตเครื่องได้ ไม่ติดไอคราว
𓏔🔋สุขภาพแบต 𝟖𝟓+% 
𓏔🌷อุปกรณ์ : ครบกล่อง ของแถม
𓏔🛠ประกันสินค้าหลังการขาย 𝟑𝟎 วัน
____________________________

สั่งซื้อ : 🌷🎧彡 𝗟𝗶𝗻𝗲:@𝟴𝟱𝟬𝘂𝗰𝗱𝗶𝘃(มี@) 🦙𖠵🧦♡´
⌇🛻💭 : นัดรับบ้านโอโลภูเขียวหรือใกล้เคียง 🍮 𓈃"
9,iPhone 15 128GB,128GB,14990,100%,https://www.instagram.com/mynowphone.shop/p/DboCaoRE2UZ/,https://instagram.fbkk13-1.fna.fbcdn.net/v/t51.82787-15/763561346_18091478180561489_2785290784073356370_n.jpg?stp=dst-jpg_e15_p640x640_tt6&_nc_ht=instagram.fbkk13-1.fna.fbcdn.net&_nc_cat=105&_nc_oc=Q6cZ2gGKUzpKPBd-ituKob21u2W1YIZdLqBECsotGVEj9gQw0YkjLiEmpkR6WpbZKskiEmPpNnnRgF1xvbZC99WJwMCi&_nc_ohc=PpAnKhmWKvIQ7kNvwFdKHce&_nc_gid=0bIZU7n7fZ3Cpj6TY0MLQw&edm=ALY_pVYBAAAA&ccb=7-5&oh=00_AQE8YV-SOAsM6zFaF0_Bg3NE8symCse6Qs5YK2vB3sM7FA&oe=6A87344A&_nc_sid=57e406,"❝🌷🛣️ᯓ 𝐢𝐏𝐡𝐨𝐧𝐞 𝟏𝟓 𝟏𝟐𝟖𝐆𝐁 𝐋𝐋 ꒱·🌳🍒✿.
𓈈🔖 ราคา : 𝟏𝟒,𝟗𝟗𝟎.- 🚏💖 ส่งฟรี
 ୨ৎ 🌟 วางดาวน์ :  𝟐,𝟗𝟗𝟎 ผ่อนต่อ 𝟐,𝟎𝟗𝟎* : 𝟏𝟎 เดือน🌟 ୨ৎ 

𓏔🪞การใช้งานปกติทุกอย่าง
𓏔🎀สแกนหน้าได้ จอมีทรูโทน
𓏔🏁มือ 𝟐 มีรอยตามการใช้งาน
𓏔☁️รีเซ็ตเครื่องได้ ไม่ติดไอคราว
𓏔🔋สุขภาพแบต 𝟏𝟎𝟎% 
𓏔🌷อุปกรณ์ : ครบกล่อง ของแถม
𓏔🛠ประกันสินค้าหลังการขาย 𝟑𝟎 วัน
____________________________

สั่งซื้อ : 🌷🎧彡 𝗟𝗶𝗻𝗲:@𝟴𝟱𝟬𝘂𝗰𝗱𝗶𝘃(มี@) 🦙𖠵🧦♡´
⌇🛻💭 : นัดรับบ้านโอโลภูเขียวหรือใกล้เคียง 🍮 𓈃"
10,iPhone 13 128GB,128GB,11990,100%,https://www.instagram.com/mynowphone.shop/p/DboAm2sEzog/,https://instagram.fbkk13-1.fna.fbcdn.net/v/t51.82787-15/764440037_18091476278561489_2747312474090967224_n.jpg?stp=dst-jpg_e15_p640x640_tt6&_nc_ht=instagram.fbkk13-1.fna.fbcdn.net&_nc_cat=105&_nc_oc=Q6cZ2gGAfEurir-UpGr_AJMz1oVGonbVKKWXIn4kzlYM_3P_adp0f8N5275dJBecPPlTdhDYq9592acP7LI0yFLLo0HB&_nc_ohc=Lpunb0vD7m8Q7kNvwE40P77&_nc_gid=iiTWPrr7hJjTK9e3XFmHbQ&edm=ALY_pVYBAAAA&ccb=7-5&oh=00_AQFGSxqb6a9tirlU5y2C9KJAno435bp85dTbkx7nb4vn8g&oe=6A8735B9&_nc_sid=57e406,"❝🌷🛣️ᯓ 𝐢𝐏𝐡𝐨𝐧𝐞 𝟏𝟑 𝟏𝟐𝟖𝐆𝐁 โมเดลนอก ꒱·🌳🍒✿.
𓈈🔖 ราคา : 𝟏𝟏,𝟗𝟗𝟎.- 🚏💖 ส่งฟรี
 ୨ৎ 🌟 วางดาวน์ :  𝟐,𝟗𝟗𝟎 ผ่อนต่อ 𝟏,𝟔𝟎𝟒*𝟏𝟐 เดือน🌟 ୨ৎ 

𓏔🪞การใช้งานปกติทุกอย่าง
𓏔🎀สแกนหน้าได้ จอมีทรูโทน
𓏔🏁มือ 𝟐 มีรอยตามการใช้งาน
𓏔☁️รีเซ็ตเครื่องได้ ไม่ติดไอคราว
𓏔🔋สุขภาพแบต 𝟏𝟎𝟎% 
𓏔🌷อุปกรณ์ : ครบกล่อง ของแถม
𓏔🛠ประกันสินค้าหลังการขาย 𝟑𝟎 วัน
____________________________

สั่งซื้อ : 🌷🎧彡 𝗟𝗶𝗻𝗲:@𝟴𝟱𝟬𝘂𝗰𝗱𝗶𝘃(มี@) 🦙𖠵🧦♡´
⌇🛻💭 : นัดรับบ้านโอโลภูเขียวหรือใกล้เคียง 🍮 𓈃"
11,iPhone 15 P,256GB,19550,100%,https://www.instagram.com/mynowphone.shop/p/Dbd2PNvE5Sx/,https://instagram.fbkk13-1.fna.fbcdn.net/v/t51.82787-15/761596467_18090960848561489_7080916230704340727_n.jpg?stp=dst-jpg_e15_p640x640_tt6&_nc_ht=instagram.fbkk13-1.fna.fbcdn.net&_nc_cat=105&_nc_oc=Q6cZ2gFk8ycwRnoz-KYs9iArJl7kDx7Ka1VM6463CWGVd6ijaYcTMXhSmMo_qMYk-Vtl8veoC9lZGBgp5r12s239kiMs&_nc_ohc=Kc5AuEljLdkQ7kNvwHXhn2G&_nc_gid=svQSr-_Gipm3BURW6hy1rg&edm=ALY_pVYBAAAA&ccb=7-5&oh=00_AQH2RdiINu8R5QODvR_eqoRmFL7de9dDDpywJIn9swlnag&oe=6A87337B&_nc_sid=57e406,"❝🌷🛣️ᯓ 𝐢𝐏𝐡𝐨𝐧𝐞 𝟏𝟓 𝐏𝐫𝐨 𝟐𝟓𝟔𝐆𝐁 𝐋𝐋 ꒱·🌳🍒✿.
𓈈🔖 ราคา : 𝟏𝟗,𝟓𝟓𝟎.- 🚏💖 ส่งฟรี
 ୨ৎ 🌟 วางดาวน์ : 𝟐,𝟗𝟗𝟎 ผ่อนต่อ 𝟑,𝟎𝟖𝟎*𝟏𝟐 เดือน🌟 ୨ৎ 

𓏔🪞การใช้งานปกติทุกอย่าง
𓏔🎀สแกนหน้าได้ จอมีทรูโทน
𓏔🏁มือ 𝟐 มีรอยตามการใช้งาน
𓏔☁️รีเซ็ตเครื่องได้ ไม่ติดไอคราว
𓏔🔋สุขภาพแบต 𝟏𝟎𝟎% 
𓏔🌷อุปกรณ์ : ครบกล่อง ของแถม
𓏔🛠ประกันสินค้าหลังการขาย 𝟑𝟎 วัน
____________________________

สั่งซื้อ : 🌷🎧彡 𝗟𝗶𝗻𝗲:@𝟴𝟱𝟬𝘂𝗰𝗱𝗶𝘃(มี@) 🦙𖠵🧦♡´
⌇🛻💭 : นัดรับบ้านโอโลภูเขียวหรือใกล้เคียง 🍮 𓈃"
12,iPhone,128GB,5990,100%,https://www.instagram.com/mynowphone.shop/p/DbcpVYjoDbu/,https://instagram.fbkk13-1.fna.fbcdn.net/v/t51.82787-15/757850867_18090897845561489_7209859585813545115_n.jpg?stp=dst-jpg_e15_p640x640_tt6&_nc_ht=instagram.fbkk13-1.fna.fbcdn.net&_nc_cat=105&_nc_oc=Q6cZ2gFqbm6tR3h07w4q4BFHRe6H-ZAc8FGPaJwxNAqG331KnbANaumX7EdEzMtstQOayZgJTF9POc3k_ohHQCo0U8hE&_nc_ohc=pEOmpg_KmIsQ7kNvwE0Q4hc&_nc_gid=PX4D3hNz5iXZNAi5SjVxEA&edm=ALY_pVYBAAAA&ccb=7-5&oh=00_AQFE1O2i7RxX6eCaOZGw-4GetGwokaepITaE5Ub2FoM3lg&oe=6A87518A&_nc_sid=57e406,"❝🌷🛣️ᯓ 𝐢𝐏𝐡𝐨𝐧𝐞 𝐒𝐄 𝟏𝟐𝟖𝐆𝐁 𝐓𝐇 𝟐𝟎𝟐𝟎 ꒱·🌳🍒✿.
𓈈🔖 ราคา : 𝟓,𝟗𝟗𝟎.- 🚏💖 ส่งฟรี

𓏔🪞การใช้งานปกติทุกอย่าง
𓏔🎀สแกนหน้าได้ จอมีทรูโทน
𓏔🏁มือ 𝟐 มีรอยตามการใช้งาน
𓏔☁️รีเซ็ตเครื่องได้ ไม่ติดไอคราว
𓏔🔋สุขภาพแบต 𝟏𝟎𝟎% 
𓏔🌷อุปกรณ์ : ชุดชาร์จ ของแถม
𓏔🛠ประกันสินค้าหลังการขาย 𝟑𝟎 วัน
____________________________

สั่งซื้อ : 🌷🎧彡 𝗟𝗶𝗻𝗲:@𝟴𝟱𝟬𝘂𝗰𝗱𝗶𝘃(มี@) 🦙𖠵🧦♡´
⌇🛻💭 : นัดรับบ้านโอโลภูเขียวหรือใกล้เคียง 🍮 𓈃"
13,iPhone 15 Plus 128GB,128GB,16550,,https://www.instagram.com/mynowphone.shop/p/DbcR8aAoLBq/,https://instagram.fbkk13-1.fna.fbcdn.net/v/t51.82787-15/758427128_18090880436561489_3041093480114371002_n.jpg?stp=dst-jpg_e15_p640x640_tt6&_nc_ht=instagram.fbkk13-1.fna.fbcdn.net&_nc_cat=105&_nc_oc=Q6cZ2gE3p-lbmkWnOGFNyLjYfNSGVuEdnDBb-c3n2X6YhzF2ChC-GmngzDcOyP3G-V4PMAyGI6v2H99AN05lGPnAOUz3&_nc_ohc=7fZtPClay_QQ7kNvwFU1uFd&_nc_gid=T9wgsB2ReYRXnCJbK6mBNQ&edm=ALY_pVYBAAAA&ccb=7-5&oh=00_AQEmuAA1mK-sFdEtIqw6eV6bduDQDESFDhxM33AEgLGb8Q&oe=6A87540C&_nc_sid=57e406,"❝🌷🛣️ᯓ 𝐢𝐏𝐡𝐨𝐧𝐞 𝟏𝟓 𝐏𝐥𝐮𝐬 𝟏𝟐𝟖𝐆𝐁 𝐋𝐋 ꒱·🌳🍒✿.
𓈈🔖 ราคา : 𝟏𝟔,𝟓𝟓𝟎.- 🚏💖 ส่งฟรี
 ୨ৎ 🌟 วางดาวน์ : 𝟐,𝟗𝟗𝟎 ผ่อนต่อ 𝟐,𝟐𝟏𝟕*𝟏𝟐 เดือน🌟 ୨ৎ 

𓏔🪞การใช้งานปกติทุกอย่าง
𓏔🎀สแกนหน้าได้ จอมีทรูโทน
𓏔🏁มือ 𝟐 มีรอยตามการใช้งาน
𓏔☁️รีเซ็ตเครื่องได้ ไม่ติดไอคราว
𓏔🔋สุขภาพแบต 𝟗𝟎+% 
𓏔🌷อุปกรณ์ : ครบกล่อง ของแถม
𓏔🛠ประกันสินค้าหลังการขาย 𝟑𝟎 วัน
____________________________

สั่งซื้อ : 🌷🎧彡 𝗟𝗶𝗻𝗲:@𝟴𝟱𝟬𝘂𝗰𝗱𝗶𝘃(มี@) 🦙𖠵🧦♡´
⌇🛻💭 : นัดรับบ้านโอโลภูเขียวหรือใกล้เคียง 🍮 𓈃"
14,iPhone 17 128GB,128GB,27550,100%,https://www.instagram.com/mynowphone.shop/p/DbbYzvoE9Kh/,https://instagram.fbkk13-1.fna.fbcdn.net/v/t51.82787-15/761280263_18090843635561489_452071034576175064_n.jpg?stp=dst-jpg_e15_p640x640_tt6&_nc_ht=instagram.fbkk13-1.fna.fbcdn.net&_nc_cat=105&_nc_oc=Q6cZ2gHZrPqSeYfHZdz2_tWPAavvT6yAqcP1jF1QEMkMVVwgTT5nSQGGpAdGnE26H7q0nCORfDDBh6Tpuc6P8g2Im8KQ&_nc_ohc=EKk3-UFckwsQ7kNvwGSqVAH&_nc_gid=a2L52bO2clTVzbyJeXtezg&edm=ALY_pVYBAAAA&ccb=7-5&oh=00_AQGYX7RiHtsMHfIygsb67QHGu5Ez4dNApkE2ZIYDdCIPRg&oe=6A874653&_nc_sid=57e406,"❝🌷🛣️ᯓ 𝐢𝐏𝐡𝐨𝐧𝐞 𝟏𝟕 𝟏𝟐𝟖𝐆𝐁 𝐙𝐏 ꒱·🌳🍒✿.
𓈈🔖 ราคา : 𝟐𝟕,𝟓𝟓𝟎.- 🚏💖 ส่งฟรี
 ୨ৎ 🌟 วางดาวน์ : 𝟓,𝟗𝟗𝟎 ผ่อนต่อ 𝟑,𝟑𝟕𝟐*𝟏𝟐 เดือน🌟 ୨ৎ 

𓏔🪞การใช้งานปกติทุกอย่าง
𓏔🎀สแกนหน้าได้ จอมีทรูโทน
𓏔🏁มือ 𝟐 มีรอยตามการใช้งาน
𓏔☁️รีเซ็ตเครื่องได้ ไม่ติดไอคราว
𓏔🔋สุขภาพแบต 𝟏𝟎𝟎% 
𓏔🌷อุปกรณ์ : ครบกล่องตรงเลขอีมี่
𓏔🛠ประกันสินค้าประกันศูนย์ 𝟐𝟐/𝟎𝟑/𝟕𝟎
____________________________

สั่งซื้อ : 🌷🎧彡 𝗟𝗶𝗻𝗲:@𝟴𝟱𝟬𝘂𝗰𝗱𝗶𝘃(มี@) 🦙𖠵🧦♡´
⌇🛻💭 : นัดรับบ้านโอโลภูเขียวหรือใกล้เคียง 🍮 𓈃"
15,iPhone 12 P,128GB,9990,100%,https://www.instagram.com/mynowphone.shop/p/Dba-7hIk4kH/,https://instagram.fbkk13-1.fna.fbcdn.net/v/t51.82787-15/760984419_18090819164561489_2383504249747639556_n.jpg?stp=dst-jpg_e15_p640x640_tt6&_nc_ht=instagram.fbkk13-1.fna.fbcdn.net&_nc_cat=105&_nc_oc=Q6cZ2gHldvCaFi4lQYYGlE0WbSQ27hTbYWwyCVMVURZEYp1-isfsDm7WTC5viLKYgMTLJB_EF_8XAOQvhY6xaShszwrC&_nc_ohc=A82ftupUv9gQ7kNvwH8AJBk&_nc_gid=W1ZWtaTcqq04d3-XbYDDtg&edm=ALY_pVYBAAAA&ccb=7-5&oh=00_AQEyuNS3fIsUOMTM_ZHefboeq8jXe5XqB5KnAfN4TA81GQ&oe=6A871FDA&_nc_sid=57e406,"❝🌷🛣️ᯓ 𝐢𝐏𝐡𝐨𝐧𝐞 𝟏𝟐 𝐏𝐫𝐨𝐦𝐚𝐱 𝟏𝟐𝟖𝐆𝐁 𝐋𝐋 ꒱·🌳🍒✿.
𓈈🔖 ราคา : 𝟗,𝟗𝟗𝟎.- 🚏💖 ส่งฟรี

𓏔🪞การใช้งานปกติทุกอย่าง
𓏔🎀สแกนหน้าได้ จอมีทรูโทน
𓏔🏁มือ 𝟐 มีรอยตามการใช้งาน
𓏔☁️รีเซ็ตเครื่องได้ ไม่ติดไอคราว
𓏔🔋สุขภาพแบต 𝟏𝟎𝟎% 
𓏔🌷อุปกรณ์ : ครบกล่อง ของแถม
𓏔🛠ประกันสินค้าหลังการขาย 𝟏𝟓 วัน
____________________________

สั่งซื้อ : 🌷🎧彡 𝗟𝗶𝗻𝗲:@𝟴𝟱𝟬𝘂𝗰𝗱𝗶𝘃(มี@) 🦙𖠵🧦♡´
⌇🛻💭 : นัดรับบ้านโอโลภูเขียวหรือใกล้เคียง 🍮 𓈃"
16,iPhone 13 128GB,128GB,11990,100%,https://www.instagram.com/mynowphone.shop/p/DbaTRMQoJ51/,https://instagram.fbkk13-1.fna.fbcdn.net/v/t51.82787-15/757602804_18090781610561489_361662965963764543_n.jpg?stp=dst-jpg_e15_p640x640_tt6&_nc_ht=instagram.fbkk13-1.fna.fbcdn.net&_nc_cat=105&_nc_oc=Q6cZ2gGCpXWHzZ8WvVnsji8nioV1J0s7ceVkl4F0XTkHgqpJi8Ky-KfALclmOwdNhS3vhVzX_0Cbv3twdN-zSLcKUQqC&_nc_ohc=HJ1pyNjYMOEQ7kNvwHfmcGT&_nc_gid=DqmdOXvv9_NMsG_BXRfdqw&edm=ALY_pVYBAAAA&ccb=7-5&oh=00_AQG5WFAOo1yQplh0EsAuI6V7_V8txHIdikMVBWzRIBUpyw&oe=6A874402&_nc_sid=57e406,"❝🌷🛣️ᯓ 𝐢𝐏𝐡𝐨𝐧𝐞 𝟏𝟑 𝟏𝟐𝟖𝐆𝐁 𝐋𝐋꒱·🌳🍒✿.
𓈈🔖 ราคา : 𝟏𝟏,𝟗𝟗𝟎.- 🚏💖 ส่งฟรี

𓏔🪞การใช้งานปกติทุกอย่าง
𓏔🎀สแกนหน้าได้ จอมีทรูโทน
𓏔🏁มือ 𝟐 มีรอยตามการใช้งาน
𓏔☁️รีเซ็ตเครื่องได้ ไม่ติดไอคราว
𓏔🔋สุขภาพแบต 𝟏𝟎𝟎% 
𓏔🌷อุปกรณ์ : ครบกล่อง ของแถม
𓏔🛠ประกันสินค้าหลังการขาย 𝟏𝟓 วัน
____________________________

สั่งซื้อ : 🌷🎧彡 𝗟𝗶𝗻𝗲:@𝟴𝟱𝟬𝘂𝗰𝗱𝗶𝘃(มี@) 🦙𖠵🧦♡´
⌇🛻💭 : นัดรับบ้านโอโลภูเขียวหรือใกล้เคียง 🍮 𓈃"
17,โทรศัพท์มือสอง,64GB,11990,93%,https://www.instagram.com/mynowphone.shop/p/DbYtmlMk-Kw/,https://instagram.fbkk13-1.fna.fbcdn.net/v/t51.82787-15/759664031_18090712628561489_986796669427567516_n.jpg?stp=dst-jpg_e15_p640x640_tt6&_nc_ht=instagram.fbkk13-1.fna.fbcdn.net&_nc_cat=105&_nc_oc=Q6cZ2gG_DelhjA40D5mnFFYeVMHUskmDNPy0wX6H18McfUieAoBJREaAduf8ythbYEsyJfd0vTr7CPeoY-SQXktzi-_q&_nc_ohc=np4gfNe9SDAQ7kNvwEtpS-j&_nc_gid=o4d9QEPX1ebXLiyADuW3NA&edm=ALY_pVYBAAAA&ccb=7-5&oh=00_AQHO3Ym5FQ3qZ6inPwvTlQ2dUJUKmTWUrd_5mfpDDMk63Q&oe=6A8753B5&_nc_sid=57e406,"❝🌷🛣️ᯓ 𝐢𝐏𝐚𝐝 𝐆𝐞𝐧𝟏𝟎 𝟔𝟒𝐆𝐁 𝐓𝐇 ꒱·🌳🍒✿.
𓈈🔖 ราคา : 𝟏𝟏,𝟗𝟗𝟎.- 🚏💖 ส่งฟรี
 ୨ৎ 🌟 วางดาวน์ : 𝟑,𝟗𝟗𝟎 ผ่อนต่อ 𝟏,𝟐𝟏𝟎*𝟏𝟐 เดือน🌟 ୨ৎ 

𓏔🪞การใช้งานปกติทุกอย่าง
𓏔🎀สแกนหน้าได้ จอมีทรูโทน
𓏔🏁มือ 𝟐 มีรอยตามการใช้งาน
𓏔☁️รีเซ็ตเครื่องได้ ไม่ติดไอคราว
𓏔🔋สุขภาพแบต 𝟗𝟑% 
𓏔🌷อุปกรณ์ : ครบกล่อง ของแถม
𓏔🛠ประกันสินค้าหลังการขาย 𝟑𝟎 วัน 
____________________________

สั่งซื้อ : 🌷🎧彡 𝗟𝗶𝗻𝗲:@𝟴𝟱𝟬𝘂𝗰𝗱𝗶𝘃(มี@) 🦙𖠵🧦♡´
⌇🛻💭 : นัดรับบ้านโอโลภูเขียวหรือใกล้เคียง 🍮 𓈃"
18,iPhone 16 P,128GB,27550,85%,https://www.instagram.com/mynowphone.shop/p/DbYcC2Ukw1w/,https://instagram.fbkk13-1.fna.fbcdn.net/v/t51.82787-15/757934181_18090696089561489_6010796864559158018_n.jpg?stp=dst-jpg_e15_p640x640_tt6&_nc_ht=instagram.fbkk13-1.fna.fbcdn.net&_nc_cat=105&_nc_oc=Q6cZ2gGscExBw3TjwV9GYrQNA_N3M2MAzYRKghpV9_Z-k7QEHcQU8F5_1IAhXksipbV4DGEAvWDJ25yn-_UNTTtbVoIV&_nc_ohc=tdtP2SgeX28Q7kNvwEyTdUj&_nc_gid=EOD_7FMAtt9N6BuyoTTk3g&edm=ALY_pVYBAAAA&ccb=7-5&oh=00_AQGfjZsPjKVgERw0CsuzdGnW0Rj58jXeZYR42zmDr9RSlQ&oe=6A874790&_nc_sid=57e406,"❝🌷🛣️ᯓ 𝐢𝐏𝐡𝐨𝐧𝐞 𝟏𝟔 𝐏𝐫𝐨 𝟏𝟐𝟖𝐆𝐁 𝐙𝐏 ꒱·🌳🍒✿.
𓈈🔖 ราคา : 𝟐𝟕,𝟓𝟓𝟎.- 🚏💖 ส่งฟรี
 ୨ৎ 🌟 วางดาวน์ : 𝟓,𝟗𝟗𝟎 ผ่อนต่อ 𝟑,𝟒𝟒𝟐*𝟏𝟐 เดือน🌟 ୨ৎ 

𓏔🪞การใช้งานปกติทุกอย่าง
𓏔🎀สแกนหน้าได้ จอมีทรูโทน
𓏔🏁มือ 𝟐 มีรอยตามการใช้งาน
𓏔☁️รีเซ็ตเครื่องได้ ไม่ติดไอคราว
𓏔🔋สุขภาพแบต 𝟖𝟓% 
𓏔🌷อุปกรณ์ : ครบกล่อง ของแถม
𓏔🛠ประกันสินค้าหลังการขาย 𝟑𝟎 วัน 
____________________________

สั่งซื้อ : 🌷🎧彡 𝗟𝗶𝗻𝗲:@𝟴𝟱𝟬𝘂𝗰𝗱𝗶𝘃(มี@) 🦙𖠵🧦♡´
⌇🛻💭 : นัดรับบ้านโอโลภูเขียวหรือใกล้เคียง 🍮 𓈃"
19,iPhone 11 P,512GB,7990,100%,https://www.instagram.com/mynowphone.shop/p/DbYbat7E184/,https://instagram.fbkk13-1.fna.fbcdn.net/v/t51.82787-15/757267309_18090695813561489_6309893726518768281_n.jpg?stp=dst-jpg_e15_p640x640_tt6&_nc_ht=instagram.fbkk13-1.fna.fbcdn.net&_nc_cat=105&_nc_oc=Q6cZ2gF6PKfrPvZaV9rz489YZAsJoGtUM7eAijTA9aXy00g6fS4a_kEXnFNPQP2vyIFJan_x8KGX1l7LE-iHyiz0J1Li&_nc_ohc=VSy2btRUIfgQ7kNvwEz94nA&_nc_gid=NreonVU7w6vDsAJS6FBW7A&edm=ALY_pVYBAAAA&ccb=7-5&oh=00_AQFxMLh71YVtMk72rvxi4wkcP1HTEls-m91NA1uYpK3KoQ&oe=6A8756B3&_nc_sid=57e406,"❝🌷🛣️ᯓ 𝐢𝐏𝐡𝐨𝐧𝐞 𝟏𝟏 𝐏𝐫𝐨 𝟓𝟏𝟐𝐆𝐁 𝐓𝐇 ꒱·🌳🍒✿.
𓈈🔖 ราคา : 𝟕,𝟗𝟗𝟎.- 🚏💖 ส่งฟรี

𓏔🪞การใช้งานปกติทุกอย่าง
𓏔🎀สแกนหน้าได้ จอมีทรูโทน
𓏔🏁มือ 𝟐 มีรอยตามการใช้งาน
𓏔☁️รีเซ็ตเครื่องได้ ไม่ติดไอคราว
𓏔🔋สุขภาพแบต 𝟏𝟎𝟎% 
𓏔🌷อุปกรณ์ : ครบกล่อง ของแถม
𓏔🛠ประกันสินค้าหลังการขาย 𝟑𝟎 วัน
____________________________

สั่งซื้อ : 🌷🎧彡 𝗟𝗶𝗻𝗲:@𝟴𝟱𝟬𝘂𝗰𝗱𝗶𝘃(มี@) 🦙𖠵🧦♡´
⌇🛻💭 : นัดรับบ้านโอโลภูเขียวหรือใกล้เคียง 🍮 𓈃"
20,iPhone 15 P,256GB,18990,98%,https://www.instagram.com/mynowphone.shop/p/DbUi5ZAE2x1/,https://instagram.fbkk13-1.fna.fbcdn.net/v/t51.82787-15/756139007_18090507917561489_7881038629889761349_n.jpg?stp=dst-jpg_e15_p640x640_tt6&_nc_ht=instagram.fbkk13-1.fna.fbcdn.net&_nc_cat=105&_nc_oc=Q6cZ2gG36NysVItMnhIQdfCUxm89g6zl7QyelTkTwKHy3XeblkcRvkuzdULtPi1IupEeuRa0Bowe754kpR1TZD4GUOq4&_nc_ohc=0w9TzjCP2W8Q7kNvwHl1M0_&_nc_gid=kgIAfW9OdXudY7Omo1Zmnw&edm=ALY_pVYBAAAA&ccb=7-5&oh=00_AQE1wijpUp6d_7ouJQ2ccT7Img3ZnIAWMKypX30JE6sAcg&oe=6A8724A5&_nc_sid=57e406,"❝🌷🛣️ᯓ 𝐢𝐏𝐡𝐨𝐧𝐞 𝟏𝟓 𝐏𝐫𝐨𝐦𝐚𝐱 𝟐𝟓𝟔𝐆𝐁 𝐋𝐋 ꒱·🌳🍒✿.
𓈈🔖 ราคา : 𝟏𝟖,𝟗𝟗𝟎.- 🚏💖 ส่งฟรี

𓏔🪞การใช้งานปกติทุกอย่าง
𓏔🎀สแกนหน้าได้ จอมีทรูโทน
𓏔🏁มือ 𝟐 มีรอยตามการใช้งาน
𓏔☁️รีเซ็ตเครื่องได้ ไม่ติดไอคราว
𓏔🔋สุขภาพแบต 𝟗𝟖% 
𓏔🌷อุปกรณ์ : ครบกล่อง ของแถม
𓏔🛠ประกันสินค้าหลังการขาย 𝟑𝟎 วัน
____________________________

สั่งซื้อ : 🌷🎧彡 𝗟𝗶𝗻𝗲:@𝟴𝟱𝟬𝘂𝗰𝗱𝗶𝘃(มี@) 🦙𖠵🧦♡´
⌇🛻💭 : นัดรับบ้านโอโลภูเขียวหรือใกล้เคียง 🍮 𓈃"
